{"sections":{"breadcrumb":{"type":"breadcrumb","settings":{"bg":"rgba(0,0,0,0)","b_color":"#ebebeb","b_height":70,"mg_bottom":0,"mobile_bg":"#ffffff","mobile_ht":50,"mobile_mg_bottom":10,"show_n_p":true,"show_title":false}},"banner":{"type":"main-collection-banner","settings":{"show_full_width":false,"show_collection_description":true,"show_collection_image":false}},"product-grid":{"type":"main-collection-product-grid","settings":{"products_per_page":15,"show_full_width":false,"grid_select":"2.4","enable_filtering":true,"enable_sorting":true,"collapse_on_larger_devices":false}}},"order":["breadcrumb","banner","product-grid"]}