{"sections":{"1636185893296a5405":{"type":"banner-full-width","blocks":{"1636185893296a5405-0":{"type":"banner_img","settings":{"image_sl":"shopify:\/\/shop_images\/img_about.jpg","col":"12","ipad_col":"12","link_img":"","open_link":"_blank","h_position":"center","v_position":"middle","txt_align":"center","mg_bottom":0}},"640b336f-397e-4c95-a1f9-e45e233ea8de":{"type":"subhd","settings":{"title":"Hi, Gosto Store","color":"#ffffff","fw_text":500,"fs_text":18,"lh_text":0,"ls_text":0,"text_transform":"none","mg_bottom":30,"hide":false,"mobile_font_text":14,"mobile_mg_bottom":15}},"a7184b49-7d2d-4a43-9731-333f1757ef03":{"type":"hd","settings":{"title":"Unique People","color":"#ffffff","fw_text":400,"fs_text":80,"lh_text":0,"ls_text":0,"text_transform":"none","mg_bottom":30,"hide":false,"mobile_font_text":40,"mobile_mg_bottom":15}},"dc7fec51-dbf8-4d7d-9f30-3a4d9e319aa8":{"type":"txt","settings":{"title":"Over 25 years of experience, we have crafted thousands of strategic discovery process that <br>\nenables us to peel back the layers which enable us to understand, connect.","color":"#ffffff","fw_text":400,"fs_text":18,"lh_text":0,"ls_text":0,"mg_bottom":50,"hide":false,"mobile_font_text":14,"mobile_mg_bottom":25}},"96331a5b-50ef-4518-be98-148e01904abd":{"type":"btn","settings":{"title":"Let’s Talk","btn_link":"","open_link":"_blank","cl_txt":"#222222","cl_txt_hover":"#222222","cl_bg":"#ffffff","cl_bg_hover":"#ffffff","cl_border":"#ffffff","cl_border_hover":"#ffffff","fs_text":14,"fw_text":500,"button_transform":"uppercase","br_button":"2px 2px","mg":"0px 0px 0px 0px","pd":"12px 50px 12px 50px","icon_button":"","ls_text":0,"mobile_font_text":14,"mobile_mg_bottom":0,"mobile_mg":"0px 0px 0px 0px","mobile_pd":"10px 25px 10px 25px"}},"f7908a86-081a-48d0-bb06-a87b152760a2":{"type":"btn","settings":{"title":"Explore now","btn_link":"#","open_link":"_blank","cl_txt":"#ffffff","cl_txt_hover":"#222222","cl_bg":"rgba(0,0,0,0)","cl_bg_hover":"#ffffff","cl_border":"#ffffff","cl_border_hover":"#ffffff","fs_text":14,"fw_text":500,"button_transform":"uppercase","br_button":"2px 2px","mg":"0px 0px 0px 0px","pd":"11px 40px 11px 40px","icon_button":"","ls_text":0,"mobile_font_text":14,"mobile_mg_bottom":0,"mobile_mg":"0px 0px 0px 0px","mobile_pd":"10px 25px 10px 25px"}}},"block_order":["1636185893296a5405-0","640b336f-397e-4c95-a1f9-e45e233ea8de","a7184b49-7d2d-4a43-9731-333f1757ef03","dc7fec51-dbf8-4d7d-9f30-3a4d9e319aa8","96331a5b-50ef-4518-be98-148e01904abd","f7908a86-081a-48d0-bb06-a87b152760a2"],"settings":{"hidden":false,"layout":"full-width","pd_c_top":0,"pd_c_right":15,"pd_c_bottom":0,"pd_c_left":15,"mg_top":0,"mg_bottom":0,"mobile_mg_top":0,"mobile_mg_bottom":0}},"main-about":{"type":"about-section-style1","settings":{"hidden":false,"show_border":false,"layout":"container","mg_top":0,"mg_bottom":0,"pad_top":100,"pad_bottom":100,"mobile_mg_top":0,"mobile_mg_bottom":0,"mobile_pd_top":50,"mobile_pd_bottom":50,"bg_color":"#ffffff","large_banner":"shopify:\/\/shop_images\/bg_about.png","small_banner":"shopify:\/\/shop_images\/signature.png","use_eq_height":true,"title":"your modern lifestyle","sub_title":"Welcome to Gosto Store","desc":"“ Donec vehicula cursus vestibulum lectus, sit eros integer varius cum turpis et quam <br>\ncongue nisl accumsan ac bibendum ac in erat. Donec posuere consectetuer volutpat rutrum ac sollicitudin quam <br>quisque, at interdum dignissim fringilla elit risus lorem eu condimentum eros mollis...”","founder":"<span>algistino<\/span>   -   Founder Of Gosto Store"}},"16361862794c280792":{"type":"text-column-with-image","blocks":{"16361862794c280792-0":{"type":"text_block","settings":{"enable_image":true,"image":"shopify:\/\/shop_images\/about_1.jpg","title":"Add a title or tagline","text":"<p>Share blog posts, products, or promotions with your customers. Use this text to describe products, share details on availability and style, or as a space to display recent reviews or FAQs.<\/p>","btn_title":"MORE INFO <i class=\"icon-chevrons-right\"><\/i>","btn_link":"","open_link":"_blank"}},"16361862794c280792-1":{"type":"text_block","settings":{"enable_image":true,"image":"shopify:\/\/shop_images\/about_2.jpg","title":"Add a title or tagline","text":"<p>Share blog posts, products, or promotions with your customers. Use this text to describe products, share details on availability and style, or as a space to display recent reviews or FAQs.<\/p>","btn_title":"MORE INFO <i class=\"icon-chevrons-right\"><\/i>","btn_link":"","open_link":"_blank"}},"16361862794c280792-2":{"type":"text_block","settings":{"enable_image":true,"image":"shopify:\/\/shop_images\/about_3.jpg","title":"Add a title or tagline","text":"<p>Share blog posts, products, or promotions with your customers. Use this text to describe products, share details on availability and style, or as a space to display recent reviews or FAQs.<\/p>","btn_title":"MORE INFO <i class=\"icon-chevrons-right\"><\/i>","btn_link":"","open_link":"_blank"}}},"block_order":["16361862794c280792-0","16361862794c280792-1","16361862794c280792-2"],"settings":{"hidden":false,"title":"Amazing performance","sub_title":"WHAT WE OFFER SERVICES","content":"Commodo sociosqu venenatis cras dolor sagittis integer luctus maecenas.","col_pr":"3","col_pr_tb":"3","col_pr_mb":"2","layout":"container","cl_bg":"#f6f7f9","mg_top":0,"mg_bottom":0,"pad_top":100,"pad_bottom":100,"mobile_mg_top":0,"mobile_mg_bottom":0,"mobile_pd_top":50,"mobile_pd_bottom":50}},"1636186336dd456704":{"type":"text-column-with-image2","blocks":{"1636186336dd456704-0":{"type":"text_block","settings":{"enable_image":true,"image":"shopify:\/\/shop_images\/about_4.jpg","number":"5465+","title":"Active Clients","text":"<p>Sed ut perspiciatis unde omnisiste natus sit accusantium doloremque.<\/p>","number2":"4968+","title2":"Add a title or tagline","text2":"<p>Sed ut perspiciatis unde omnisiste natus sit accusantium doloremque.<\/p>"}},"1636186336dd456704-1":{"type":"text_block","settings":{"enable_image":true,"image":"shopify:\/\/shop_images\/about_5.jpg","number":"5465+","title":"Projects Done","text":"<p>Sed ut perspiciatis unde omnisiste natus sit accusantium doloremque.<\/p>","number2":"4968+","title2":"Add a title or tagline","text2":"<p>Sed ut perspiciatis unde omnisiste natus sit accusantium doloremque.<\/p>"}}},"block_order":["1636186336dd456704-0","1636186336dd456704-1"],"settings":{"hidden":false,"title":"Let’s Get Creative","sub_title":"TECHNOLOGY INDEX","content":"Commodo sociosqu venenatis cras dolor sagittis integer luctus maecenas.","layout":"container","cl_bg":"#ffffff","mg_top":0,"mg_bottom":0,"pad_top":100,"pad_bottom":100,"mobile_mg_top":0,"mobile_mg_bottom":0,"mobile_pd_top":50,"mobile_pd_bottom":50}},"16361863901fb5ba87":{"type":"brand-grid","blocks":{"16361863901fb5ba87-0":{"type":"brand","settings":{"image":"shopify:\/\/shop_images\/brand_1.png","url":"#","open_link":"_blank"}},"16361863901fb5ba87-1":{"type":"brand","settings":{"image":"shopify:\/\/shop_images\/brand_2.png","url":"#","open_link":"_blank"}},"16361863901fb5ba87-2":{"type":"brand","settings":{"image":"shopify:\/\/shop_images\/brand_3.png","url":"#","open_link":"_blank"}},"16361863901fb5ba87-3":{"type":"brand","settings":{"image":"shopify:\/\/shop_images\/brand_4.png","url":"#","open_link":"_blank"}},"16361863901fb5ba87-4":{"type":"brand","settings":{"image":"shopify:\/\/shop_images\/brand_5.png","url":"#","open_link":"_blank"}},"16361863901fb5ba87-5":{"type":"brand","settings":{"image":"shopify:\/\/shop_images\/brand_6.png","url":"#","open_link":"_blank"}},"16361863901fb5ba87-6":{"type":"brand","settings":{"image":"shopify:\/\/shop_images\/brand_7.png","url":"#","open_link":"_blank"}},"16361863901fb5ba87-7":{"type":"brand","settings":{"image":"shopify:\/\/shop_images\/brand_8.png","url":"#","open_link":"_blank"}}},"block_order":["16361863901fb5ba87-0","16361863901fb5ba87-1","16361863901fb5ba87-2","16361863901fb5ba87-3","16361863901fb5ba87-4","16361863901fb5ba87-5","16361863901fb5ba87-6","16361863901fb5ba87-7"],"settings":{"hidden":false,"layout":"container","bg_brand":"shopify:\/\/shop_images\/bg_brand.jpg","cl_bg":"#f6f7f9","mg_top":0,"mg_bottom":0,"pad_top":100,"pad_bottom":100,"mobile_mg_top":0,"mobile_mg_bottom":0,"mobile_pd_top":50,"mobile_pd_bottom":50,"title":"Our important partners","sub_title":"WHO OUR CLIENTS","content":"Commodo sociosqu venenatis cras dolor sagittis integer luctus maecenas.","col_pr":"4","show_btn":true,"title_btn":"view all clients","url":"#","open_link":"_blank"}},"163618647560cca2a8":{"type":"store-location-about","blocks":{"163618647560cca2a8-1":{"type":"text_block","settings":{"enable_image":true,"image":"shopify:\/\/shop_images\/about_6.jpg","title":"94 Rue pelleport - paris","text":"<p>Add: Heaven Stress, Beverly Hill, Melbourne<\/p><p>Phone: (+100) 123 456 7890E<\/p><p>mail: Gosto@google.com<\/p>"}},"163618647560cca2a8-0":{"type":"text_block","settings":{"enable_image":true,"image":"shopify:\/\/shop_images\/about_7.jpg","title":"29 Prospect Height - New York","text":"<p>Add: Heaven Stress, Beverly Hill, Melbourne<\/p><p>Phone: (+100) 123 456 7890<\/p><p>Email: Gosto@google.com<\/p>"}},"163618647560cca2a8-2":{"type":"text_block","settings":{"enable_image":true,"image":"shopify:\/\/shop_images\/about_8.jpg","title":"64 Georgia Rd - South Korea","text":"<p>Add: Heaven Stress, Beverly Hill, Melbourne<\/p><p>Phone: (+100) 123 456 7890<\/p><p>Email: Gosto@google.com<\/p>"}}},"block_order":["163618647560cca2a8-1","163618647560cca2a8-0","163618647560cca2a8-2"],"settings":{"hidden":false,"title":"Looking for Gosto","sub_title":"location store","content":"Commodo sociosqu venenatis cras dolor sagittis integer luctus maecenas.","col_pr":"3","col_pr_tb":"3","col_pr_mb":"2","layout":"container","cl_bg":"#ffffff","mg_top":0,"mg_bottom":0,"pad_top":100,"pad_bottom":100,"mobile_mg_top":0,"mobile_mg_bottom":0,"mobile_pd_top":50,"mobile_pd_bottom":50}},"1636186532bb297c03":{"type":"benefit","blocks":{"0160a4b1-b7f0-433f-8ddb-e4d1e51c817c":{"type":"shipping","settings":{"icon":"icon-circle","title":"Original Products","text":"Lorem ipsum dolor sit amet, consectetur adipisicing \nelit, sed do eiusmod tempor incididunt ut labore et \ndolore magna aliqua."}},"7ed88d6d-059c-47c0-9812-005985f75fc6":{"type":"shipping","settings":{"icon":"icon-circle","title":"Limited Time Offers","text":"Lorem ipsum dolor sit amet, consectetur adipisicing \nelit, sed do eiusmod tempor incididunt ut labore et \ndolore magna aliqua."}},"88e8a317-7cd7-473c-a6b5-21f2aefd0f2b":{"type":"shipping","settings":{"icon":"icon-circle","title":"Free Shipping","text":"Lorem ipsum dolor sit amet, consectetur adipisicing \nelit, sed do eiusmod tempor incididunt ut labore et \ndolore magna aliqua."}}},"block_order":["0160a4b1-b7f0-433f-8ddb-e4d1e51c817c","7ed88d6d-059c-47c0-9812-005985f75fc6","88e8a317-7cd7-473c-a6b5-21f2aefd0f2b"],"settings":{"title":"","sub_title":"","content":"","source":"1","sid_style":"style1","col_pr":"4","col_pr_tb":"4","hidden":false,"layout":"container","cl_bg":"#c6452c","cl_ic":"#ffffff","cl_hd":"#ffffff","cl_cot":"#ffffff","cl_border":"#ffffff","mg_top_minus":0,"mg_top":0,"mg_bottom":0,"pad_top":100,"pad_bottom":100,"mobile_mg_top":0,"mobile_mg_bottom":0,"mobile_pd_top":50,"mobile_pd_bottom":50}}},"order":["1636185893296a5405","main-about","16361862794c280792","1636186336dd456704","16361863901fb5ba87","163618647560cca2a8","1636186532bb297c03"]}