{"sections":{"breadcrumb":{"type":"breadcrumb","settings":{"bg":"#ffffff","b_color":"#ebebeb","b_height":70,"mg_bottom":0,"mobile_bg":"#ffffff","mobile_ht":50,"mobile_mg_bottom":0,"show_n_p":true}},"banner":{"type":"main-collection-banner","settings":{"show_full_width":false,"show_collection_description":true,"show_collection_image":false,"cl_bg":"#fff","mg":"0,0,50px,0","pd":"0,0,50px,0","mg_mb":"0,0,20px,0","pd_mb":"0,0,20px,0"}},"product-grid":{"type":"main-collection-product-grid","settings":{"products_per_page":10,"show_full_width":false,"grid_select":"2.4","enable_filtering":true,"enable_sorting":true,"collapse_on_larger_devices":false}}},"order":["breadcrumb","banner","product-grid"]}