{"sections":{"main":{"type":"content-contact","blocks":{"70e8b4a5-7dda-4090-8b6a-48ef82568246":{"type":"Contact","settings":{"title":"GERMANY","address":"952 Boulevard Brune <br> Rd, Heaven Stress, <br> Beverly Hill, BA 75014 Paris","work_time":"Monday – Friday: 9:00-20:00 <br> Saturady: 11:00 – 15:00","phone":"(+100) 666-456-7890","email":"Gosto@google.com"}},"4d070c2a-9c3d-4f52-9c95-5cc1a6bb428c":{"type":"Contact","settings":{"title":"NEW YORK","address":"952 Boulevard Brune <br> Rd, Heaven Stress, <br> Beverly Hill, BA 75014 Paris","work_time":"Monday – Friday: 9:00-20:00 <br> Saturady: 11:00 – 15:00","phone":"(+100) 666-456-7890","email":"Gosto@google.com"}}},"block_order":["70e8b4a5-7dda-4090-8b6a-48ef82568246","4d070c2a-9c3d-4f52-9c95-5cc1a6bb428c"],"settings":{"left_title_block":"","right_title_block":"Fill out the form and we'll get back soon!","use_contact_map":true,"map_iframe":"<iframe width=\"960\" height=\"890\" style=\"border:0\" src=\"https:\/\/www.google.com\/maps\/embed\/v1\/search?q=1200+Beverly+Street,+Mountain+View,+CA,+United+States&key=AIzaSyCeVrTUW_JTL2UKUT0-85wiwusOJZ48yMM\" allowfullscreen=\"\"><\/iframe>","mg_bottom":0}}},"order":["main"]}