[{"name":"theme_info","theme_name":"Gosto theme","theme_author":"Shopify","theme_version":"2.0.0","theme_documentation_url":"https:\/\/help.shopify.com\/manual\/using-themes\/themes-by-shopify\/debut","theme_support_url":"https:\/\/support.shopify.com\/"},{"name":"Generals","settings":[{"type":"header","content":"== Meta keywords(SEO)"},{"type":"textarea","id":"home_keywords","label":"Keywords for homepage","default":"Eliah theme, Fastest, Ajax Shop, Minimal, Lazyload","info":"Define keywords for search engines."},{"type":"text","id":"shop_author","label":"Author for Shop","default":"Eliah theme","info":"Define the author of a Shop."},{"type":"header","content":"== Shop settings"}]},{"name":"Pupup login","settings":[{"type":"checkbox","id":"show_policy_terms_of_service_page","label":"Show Privacy Policy and Terms of Service","default":true},{"type":"page","id":"privacy_policy_page_content","label":"Content for 'Privacy Policy'","info":"Default page: 'Privacy Policy'"},{"type":"page","id":"terms_of_service_content","label":"Content for 'Terms of Service'","info":"Default page: 'Terms of Service'"}]},{"name":"Logo Header","settings":[{"type":"image_picker","id":"logo","label":{"da":"Logobillede","de":"Logo-Foto","en":"Logo image at homepage","es":"Logo","fi":"Logokuva","fr":"Image du logo","hi":"लोगो इमेज","it":"Immagine del logo","ja":"ロゴ画像","ko":"로고 이미지","nb":"Logobilde","nl":"Afbeelding van logo","pt-BR":"Imagem do logotipo","pt-PT":"Imagem do logótipo","sv":"Logobild","th":"รูปภาพโลโก้","zh-CN":"logo 图片","zh-TW":"標誌圖片"}},{"type":"image_picker","id":"logo_page","label":{"en":"Logo image at other page"}},{"type":"image_picker","id":"logo_page_mobile","label":{"en":"Logo image (mobile)"}},{"type":"range","id":"logo_max_width","label":{"da":"Tilpasset logobredde","de":"Logobreite","en":"Custom logo width","es":"Ancho del logo personalizado","fi":"Mukautetun logon leveys","fr":"Largeur personnalisée du logo","hi":"कस्टम लोगो की चौड़ाई","it":"Larghezza logo personalizzato","ja":"ロゴの幅をカスタマイズする","ko":"사용자 지정 로고 폭","nb":"Tilpasset logobredde","nl":"Aangepaste logo-breedte","pt-BR":"Largura do logotipo personalizado","pt-PT":"Largura de logótipo personalizada","sv":"Anpassad logotypsbredd","th":"ความกว้างของโลโก้แบบกำหนดเอง","zh-CN":"自定义 logo 宽度","zh-TW":"自訂商標寬度"},"min":50,"max":250,"step":5,"unit":"px","default":115}]},{"name":"Colors","settings":[{"type":"color","id":"color_body_text","label":"Body Text Color","default":"#444"},{"type":"color","id":"color_primary","label":"Primary Color","default":"#343E45"},{"type":"color","id":"color_secondary","label":"Color Hover","default":"#1A73E8"},{"type":"header","content":"== Mega menu"},{"type":"color","id":"color_link_menu","label":"Link Color menu","default":"#343E45"},{"type":"color","id":"color_menu_heading","label":"Color menu heading","default":"#1A73E8"},{"type":"color","id":"color_link_menu_sub","label":"Link Color menu sub","default":"#777"},{"type":"color","id":"color_link_menu_hover","label":"Link Color menu (Hover)","default":"#1A73E8"},{"type":"header","content":"== Product"},{"type":"color","id":"color_name_product","label":"Color (name prduct)","default":"#343e45"},{"type":"color","id":"color_name_product_hover","label":"Color (name prduct hover)","default":"#343e45"},{"type":"color","id":"color_star_product","label":"Color (star prduct)","default":"#f5b301"},{"type":"color","id":"color_compare_price_product","label":"Color (Compare at price)","default":"#888"},{"type":"color","id":"color_price_product","label":"Color (price product)","default":"#343e45"},{"type":"color","id":"color_price_current_product","label":"Color (price current product)","default":"#e60023"},{"type":"color","id":"color_btn_product","label":"Background btn product","default":"#0a2748"},{"type":"color","id":"color_btn_product_hover","label":"Background btn product hover","default":"#1a73e8"},{"type":"color","id":"color_label_hot","label":"Background label Hot","default":"#ff7143"},{"type":"color","id":"color_label_new","label":"Background label New","default":"#4ad295"},{"type":"color","id":"color_label_sale","label":"Background label Sale","default":"#e60023"},{"type":"color","id":"color_label_in","label":"Background In stock","default":"#25a799"},{"type":"color","id":"color_label_out","label":"Background Out stock","default":"#858585"},{"type":"header","content":"==Color Butoom"},{"type":"color","id":"color_btn_text","label":"color text Butoom","default":"#fff"},{"type":"color","id":"color_btn","label":"Background Butoom","default":"#4ad295"},{"type":"color","id":"color_btn_text_hover","label":"color (text Butoom hover)","default":"#fff"},{"type":"color","id":"color_btn_hover","label":"Background (Butoom hover)","default":"#1a73e8"}]},{"name":"Typography","settings":[{"type":"header","content":"Google font"},{"type":"checkbox","id":"font_default","label":"Use google fonts","info":"If you don't want to use google font, you can turn it off and choose the font of shopify","default":true},{"type":"select","id":"select_google_font","label":"Google Font","default":"1","options":[{"value":"1","label":"Font Jost"},{"value":"2","label":"Font Barlow"},{"value":"3","label":"Font Rubik"}]},{"type":"header","content":"Shopify font"},{"type":"font_picker","label":"Font family body","id":"bd_font","default":"helvetica_n4"},{"type":"range","id":"bd_font_size","min":13,"max":20,"step":0.5,"label":"Font size","unit":"px","default":14},{"type":"range","id":"bd_font_weight","min":300,"max":900,"step":100,"label":"Font weight","default":400},{"type":"range","id":"bd_line_height","label":"Line height","default":1.7,"min":1,"max":2,"step":0.1},{"type":"range","id":"bd_letter_spacing","label":"Letter spacing","default":0,"min":0,"max":10,"unit":"px","step":0.1},{"type":"header","content":"== H1 heading"},{"type":"font_picker","label":"Font family","id":"h1_font","default":"helvetica_n4"},{"type":"range","id":"h1_font_size","min":13,"max":20,"step":0.5,"label":"Font size","unit":"px","default":14},{"type":"range","id":"h1_font_weight","min":300,"max":900,"step":100,"label":"Font weight","default":700},{"type":"range","id":"h1_line_height","label":"Line height","default":1.7,"min":1,"max":2,"step":0.1},{"type":"range","id":"h1_letter_spacing","label":"Letter spacing","default":0,"min":0,"max":10,"unit":"px","step":0.1},{"type":"header","content":"== H2 heading"},{"type":"font_picker","label":"Font family","id":"h2_font","default":"helvetica_n4"},{"type":"range","id":"h2_font_size","min":13,"max":20,"step":0.5,"label":"Font size","unit":"px","default":14},{"type":"range","id":"h2_font_weight","min":300,"max":900,"step":100,"label":"Font weight","default":700},{"type":"range","id":"h2_line_height","label":"Line height","default":1.7,"min":1,"max":2,"step":0.1},{"type":"range","id":"h2_letter_spacing","label":"Letter spacing","default":0,"min":0,"max":10,"unit":"px","step":0.1},{"type":"header","content":"== H3 heading"},{"type":"font_picker","label":"Font family","id":"h3_font","default":"helvetica_n4"},{"type":"range","id":"h3_font_size","min":13,"max":20,"step":0.5,"label":"Font size","unit":"px","default":14},{"type":"range","id":"h3_font_weight","min":300,"max":900,"step":100,"label":"Font weight","default":700},{"type":"range","id":"h3_line_height","label":"Line height","default":1.7,"min":1,"max":2,"step":0.1},{"type":"range","id":"h3_letter_spacing","label":"Letter spacing","default":0,"min":0,"max":10,"unit":"px","step":0.1},{"type":"header","content":"== H4 heading"},{"type":"font_picker","label":"Font family","id":"h4_font","default":"helvetica_n4"},{"type":"range","id":"h4_font_size","min":13,"max":20,"step":0.5,"label":"Font size","unit":"px","default":14},{"type":"range","id":"h4_font_weight","min":300,"max":900,"step":100,"label":"Font weight","default":700},{"type":"range","id":"h4_line_height","label":"Line height","default":1.7,"min":1,"max":2,"step":0.1},{"type":"range","id":"h4_letter_spacing","label":"Letter spacing","default":0,"min":0,"max":10,"unit":"px","step":0.1},{"type":"header","content":"== H5 heading"},{"type":"font_picker","label":"Font family","id":"h5_font","default":"helvetica_n4"},{"type":"range","id":"h5_font_size","min":13,"max":20,"step":0.5,"label":"Font size","unit":"px","default":14},{"type":"range","id":"h5_font_weight","min":300,"max":900,"step":100,"label":"Font weight","default":700},{"type":"range","id":"h5_line_height","label":"Line height","default":1.7,"min":1,"max":2,"step":0.1},{"type":"range","id":"h5_letter_spacing","label":"Letter spacing","default":0,"min":0,"max":10,"unit":"px","step":0.1},{"type":"header","content":"== H6 heading"},{"type":"font_picker","label":"Font family","id":"h6_font","default":"helvetica_n4"},{"type":"range","id":"h6_font_size","min":13,"max":20,"step":0.5,"label":"Font size","unit":"px","default":14},{"type":"range","id":"h6_font_weight","min":300,"max":900,"step":100,"label":"Font weight","default":700},{"type":"range","id":"h6_line_height","label":"Line height","default":1.7,"min":1,"max":2,"step":0.1},{"type":"range","id":"h6_letter_spacing","label":"Letter spacing","default":0,"min":0,"max":10,"unit":"px","step":0.1}]},{"name":"Layout","settings":[{"type":"checkbox","id":"show_load_page","label":"Show loading page ","default":true},{"type":"checkbox","id":"show_cusotm_width","label":"Custom width PC","default":true},{"type":"text","id":"cusotm_width","label":"Cusotm width PC","default":"1410px"},{"type":"select","id":"select_header","label":"Choose layout for header","default":"1","options":[{"value":"1","label":"Header style 1"},{"value":"2","label":"Header style 2"},{"value":"3","label":"Header style 3"},{"value":"4","label":"Header style 4"},{"value":"5","label":"Header style 5"}]},{"type":"select","id":"select_footer","label":"Choose layout for footer","default":"1","options":[{"value":"1","label":"Footer style 1"},{"value":"2","label":"Footer style 2"},{"value":"3","label":"Footer style 3"}]}]},{"name":"Currency","settings":[{"type":"paragraph","content":"To offer multiple currencies on your online store, you must first [edit your store's currency formatting](https:\/\/docs.shopify.com\/support\/settings\/general\/tell-my-script-where-to-find-money-formats)."},{"type":"checkbox","id":"show_multiple_currencies","label":"Enable currency conversion","default":true,"info":"Even though prices are displayed in different currencies, orders will still be processed in your store's currency."},{"type":"select","id":"currency_format","label":"Format","options":[{"value":"money_format","label":"Without currency ($10.00)"},{"value":"money_with_currency_format","label":"With currency ($10.00 CAD)"}],"default":"money_format"},{"type":"text","id":"supported_currencies","label":"Supported currencies","default":"GBP USD EUR CAD JPY AUD CNY VND","info":"Use the country's ISO [currency code](http:\/\/www.xe.com\/iso4217.php). Separate your currency codes with a space."},{"type":"text","id":"default_currency","label":"Default currency","default":"USD"}]},{"name":"Time countdown","settings":[{"type":"checkbox","id":"show_countdown","label":"Show countdown","default":true,"info":"Show the time countdown to  for the product off price. You may in the tags of product and set time in the example after đâu (yy \/ mm \/ dd hh: ii: ss) => (2022\/09\/03 23:20:00)"},{"type":"checkbox","id":"show_text_countdown","label":"Show text countdown","default":true},{"type":"text","id":"text_countdown","label":"Text countdown","default":"Hurry Up! Special Offers end in:"}]},{"name":"Product page","settings":[{"type":"select","id":"product_info_layout","label":"Layout","default":"1","options":[{"value":"1","label":"1"}]},{"type":"header","content":"Gallery"},{"type":"checkbox","id":"product_info_show_arrows","label":"Arrows","default":true},{"type":"checkbox","id":"product_info_show_btn_fullscreen","label":"Show button 'Zoom'","default":true},{"type":"checkbox","id":"product_info_gallery_autoplay","label":"Enable autoplay gallery","default":false},{"type":"checkbox","id":"product_info_enable_zoom","label":"Enable zoom","default":true},{"type":"select","id":"type_zoom","default":"1","options":[{"value":"1","label":"Basic"},{"value":"2","label":"Inner zoom"},{"value":"3","label":"Lens Zoom"},{"value":"4","label":"Mousewheel Zoom"}],"label":"Select style for zoom"},{"type":"text","id":"width_zoom","label":"width zoom","default":"500","info":"Use only for Basic zoom."},{"type":"text","id":"height_zoom","label":"Height zoom","default":"500","info":"Use only for Basic zoom."},{"type":"select","id":"product_page_design","default":"thumb_left","options":[{"value":"thumb_left","label":"Product with thumb at left"},{"value":"thumb_right","label":"Product with thumb at right"},{"value":"thumb_bottom","label":"Product with thumb at bottom"},{"value":"thumb_without","label":"Product Layout without thumbnail"}],"label":"Product page design"},{"type":"range","id":"nb_thumb","min":1,"max":10,"step":1,"label":"Number thumbnail","default":5},{"type":"checkbox","id":"show_free_shipping","label":"Show free shipping","default":true},{"type":"number","id":"free_shipping","label":"Free shipping value","default":200,"info":"If you offer free shipping on orders more than $200, set $1000 here."},{"type":"checkbox","id":"custom_color_free_shipping","label":"Custom color","default":false},{"type":"color","id":"bg_free_shipping","label":"Background free-shipping","default":"#e60023"},{"type":"color","id":"bg_free_shipping_progress","label":"Background free shipping progress","default":"#4ad295"},{"type":"header","content":"Elements"},{"type":"checkbox","id":"product_info_show_size_guide","label":"Show button 'Size guide'","default":false},{"type":"page","id":"product_info_size_guide_page_content","label":"Content for 'Size guide'","info":"Default page: 'Include Popup Size Guide'"},{"type":"checkbox","id":"product_info_show_delivery_return","label":"Show button 'Delivery return","default":false},{"type":"page","id":"product_info_delivery_return_page_content","label":"Content for 'Delivery return'","info":"Default page: 'Include Popup Delivery Return'"},{"type":"checkbox","id":"product_info_show_terms_conditions","label":"Show button 'Terms and conditions","default":false},{"type":"page","id":"product_terms_conditions_page_content","label":"Content for 'terms and conditions'","info":"Default page: 'terms and conditions'"},{"type":"header","content":"Product page only"},{"type":"checkbox","id":"sticky_atc","label":"Show 'Footbar' section ?","default":true,"info":"Display a footbar when scrolling passed the add-to-cart button."},{"type":"header","content":"Visitors"},{"type":"paragraph","content":"Configure options for 'Real time XX visitor right now'"},{"type":"range","id":"product_visitors_min","min":1,"max":50,"step":1,"label":"Visitors min value","default":10},{"type":"range","id":"product_visitors_max","min":1,"max":50,"step":1,"label":"Visitors max value","default":25},{"type":"range","id":"product_visitors_stroke","min":1,"max":20,"step":1,"label":"Visitors max value stroke","default":4},{"type":"range","id":"product_visitors_interval_min","min":1,"max":10,"step":1,"label":"Visitors min update interval","default":2},{"type":"range","id":"product_visitors_interval_max","min":1,"max":10,"step":1,"label":"Visitors max update interval","default":6},{"type":"header","content":"== Custom product page"},{"type":"color","id":"bg_product_page","label":"Background color","default":"#fff"},{"type":"range","id":"pad_top_product_page","min":0,"max":100,"step":10,"label":"padding top","unit":"px","default":0},{"type":"range","id":"pad_bottom_product_page","min":0,"max":100,"step":1,"label":"padding bottom","unit":"px","default":0}]},{"name":"Product -> Collection Page","settings":[{"type":"header","content":"Content Style"},{"type":"select","id":"design_product","label":"Design product ","default":"default","options":[{"value":"default","label":"default"},{"value":"design-1","label":"Design 1"}]},{"type":"select","id":"content_style_product","label":"Horizontal Position","default":"center","options":[{"value":"left","label":"Left"},{"value":"center","label":"Center"},{"value":"right","label":"Right"}]},{"type":"header","content":"Labels"},{"type":"checkbox","id":"product_collection_show_label_in_stock","label":"Show label 'In stock'","default":false},{"type":"checkbox","id":"product_collection_show_label_out_stock","label":"Show label 'Out of stock'","default":true},{"type":"checkbox","id":"product_collection_show_label_sale","label":"Show label 'Sale'","default":true},{"type":"checkbox","id":"product_collection_show_label_new","label":"Show label 'New'","default":true},{"type":"checkbox","id":"product_collection_show_label_hot","label":"Show label 'Hot'","default":false},{"type":"text","id":"product_page_new_product","label":"Setup days to be 'New' product","default":"7"},{"type":"header","content":"Elements"},{"type":"checkbox","id":"product_collection_show_title","label":"Show the product title","default":true},{"type":"checkbox","id":"product_collection_show_description","label":"Show the description","default":false},{"type":"checkbox","id":"product_collection_show_price","label":"Show the product price","default":true},{"type":"checkbox","id":"product_collection_show_sku","label":"Show product SKU","default":false},{"type":"checkbox","id":"product_collection_show_barcode","label":"Show product barcode","default":false},{"type":"checkbox","id":"product_collection_show_availability","label":"Show product stock status","default":false},{"type":"checkbox","id":"product_collection_show_type","label":"Show product type","default":false},{"type":"checkbox","id":"product_collection_show_vendor","label":"Show product vendor","default":false},{"type":"checkbox","id":"product_collection_show_reviews","label":"Show product reviews","info":"You have to install product reviews app. At our demo, we use a free [Product Reviews](https:\/\/apps.shopify.com\/product-reviews) app","default":true},{"type":"checkbox","id":"product_collection_hide_reviews_counter","label":"Hide reviews counter","default":false},{"type":"checkbox","id":"product_collection_hide_empty_reviews","label":"Hide no reviews","info":"If product have zero reviews, hide the 'no reviews' text.","default":false},{"type":"checkbox","id":"product_collection_show_options","label":"Show options (variants)","default":true},{"type":"checkbox","id":"product_collection_enable_hover_image","label":"Enable hover image","default":true},{"type":"checkbox","id":"product_collection_show_button_add_to_cart","label":"Show button 'Add to cart'","default":true},{"type":"checkbox","id":"product_collection_show_button_add_to_wishlist","label":"Show button 'Add to wishlist'","default":true},{"type":"checkbox","id":"product_collection_show_button_add_to_compare","label":"Show button 'Add to compare'","default":false},{"type":"checkbox","id":"product_collection_show_button_quick_view","label":"Show button 'Quickview'","default":true}]},{"name":"Product -> Variants","settings":[{"type":"paragraph","content":"Configure the product variant design. You can show product options as 'Text', 'Large Text', 'Circle color', 'Circle image', 'Square color', 'Square image', or 'Select' - a dropdown list."},{"type":"header","content":"General"},{"type":"checkbox","id":"product_show_custom_options","label":"Enable advanced design for variants","default":true},{"type":"checkbox","id":"product_hide_options_without_availability_variants","label":"Hide options without availability variants","info":"Hide out of stock variants. Or show product option as unavailable.","default":true},{"type":"select","id":"product_variant_auto_select","label":"Auto select variant","default":"enable","options":[{"value":"enable","label":"Enable"},{"value":"first","label":"Only first option selected"},{"value":"first_n_second","label":"First and second options selected"},{"value":"disable","label":"Disable"}]},{"type":"text","id":"product_auto_selected_options","label":"Auto selected options","info":"Separator is '|'. Example: Color|Size"},{"type":"select","id":"product_options_listing_visibility","label":"Visibility on listing","info":"Set number of options to show on collection page. 'Add to cart' button transforms to 'select options' button.","default":"all","options":[{"value":"all","label":"Show all options"},{"value":"1","label":"Show only first option"},{"value":"2","label":"Show first and second options"}]},{"type":"header","content":"Option types"},{"type":"paragraph","content":"Default custom options type is 'Text'"},{"type":"text","id":"product_options_type_circle_color","label":"Options type 'Circle color'","info":"Separator is '|'. Show product option as circle with color background. Option name should have a [CSS color value](https:\/\/www.w3schools.com\/cssref\/css_colors.asp). ","default":"Color|Colour"},{"type":"text","id":"product_options_type_circle_image","label":"Options type 'Circle image'","info":"Separator is '|'. Show product option as circle with image. You should configure images per each product variant."},{"type":"text","id":"product_options_type_square_color","label":"Options type 'Square color'","info":"Separator is '|'. Show product option as square with color background."},{"type":"text","id":"product_options_type_square_image","label":"Options type 'Square image'","info":"Separator is '|'. Show product option as square with image."},{"type":"text","id":"product_options_type_select","label":"Options type 'Select'","info":"Separator is '|'. Show product option as drop-down list."},{"type":"text","id":"product_options_type_large_text","label":"Options type 'Large text'","info":"Separator is '|'. Show option as bigger text."},{"type":"header","content":"User manual"},{"type":"paragraph","content":"Fill 'Color|Colour' to input box which you want to active the type."}]},{"name":"Collection page","settings":[{"type":"header","content":"Layout"},{"type":"checkbox","id":"collection_fullwidth","label":"Full-width mode","default":false},{"type":"select","id":"layout_collection","default":"1","options":[{"value":"1","label":"Shop Left sidebar"},{"value":"2","label":"Shop Right sidebar"},{"value":"3","label":"Shop Top sidebar (style1)"},{"value":"4","label":"Shop Top sidebar (style2)"},{"value":"5","label":"Shop Popup sidebar"},{"value":"6","label":"Shop no sidebar"}],"label":"Layout:"},{"type":"radio","id":"grid_list","label":"Default Grid or List","options":[{"value":"1","label":"Grid view"},{"value":"2","label":"List view"}],"default":"1"},{"type":"range","id":"pagination_limit","min":1,"max":48,"step":1,"unit":"pds","label":"Max number products","info":"The number of products I have on a page","default":9},{"type":"checkbox","id":"show_ajax_scroll","label":"Use ajax scroll","default":false},{"type":"select","id":"style_scroll","label":"Style Scroll","options":[{"value":"1","label":"Load more button"},{"value":"100","label":"Infinit scrolling"}],"default":"1"},{"type":"checkbox","id":"use_eq_height","label":"Use equal height images?","default":false},{"type":"select","id":"image_ratio","label":"Aspect Ratio","default":"ratio3_2","info":"Aspect Ratio Custom will settings in General panel.","options":[{"group":"Landscape","value":"ratio2_1","label":"2:1"},{"group":"Landscape","value":"ratio16_9","label":"16:9"},{"group":"Landscape","value":"ratio8_5","label":"8:5"},{"group":"Landscape","value":"ratio3_2","label":"3:2"},{"group":"Landscape","value":"ratio4_3","label":"4:3"},{"group":"Landscape","value":"ratio_nt","label":"Ratio ASOS"},{"group":"Squared","value":"ratio1_1","label":"1:1"},{"group":"Portrait","value":"ratio2_3","label":"2:3"},{"group":"Portrait","value":"ratio1_2","label":"1:2"},{"group":"Custom","value":"ratio_custom_1","label":"Custom 1(128%)"}]},{"type":"header","content":"Label"},{"type":"checkbox","id":"collection_info_show_label_in_stock","label":"Show label 'In stock'","default":false},{"type":"checkbox","id":"collection_info_show_label_out_stock","label":"Show label 'Out of stock'","default":true},{"type":"checkbox","id":"collection_info_show_label_sale","label":"Show label 'Sale'","default":true},{"type":"checkbox","id":"collection_info_show_label_new","label":"Show label 'New'","default":true},{"type":"text","id":"collection_page_new_product","label":"Setup days to be 'New' product","default":"7"},{"type":"checkbox","id":"collection_info_show_label_hot","label":"Show label 'Hot'","default":false},{"type":"header","content":"Elements"},{"type":"checkbox","id":"collection_info_show_collections","label":"Show the product's collections","default":true},{"type":"checkbox","id":"collection_info_show_title","label":"Show the product title","default":true},{"type":"checkbox","id":"collection_info_show_description","label":"Show the description (Only show on list view)","default":true},{"type":"checkbox","id":"collection_info_show_price","label":"Show the product price","default":true},{"type":"checkbox","id":"collection_info_show_sku","label":"Show product SKU","default":false},{"type":"checkbox","id":"collection_info_show_barcode","label":"Show product barcode","default":false},{"type":"checkbox","id":"collection_info_show_availability","label":"Show product stock status","default":false},{"type":"checkbox","id":"collection_info_show_type","label":"Show product type","default":false},{"type":"checkbox","id":"collection_info_show_vendor","label":"Show product vendor","default":false},{"type":"checkbox","id":"collection_info_show_reviews","label":"Show product reviews","info":"You have to install product reviews app. At our demo, we use a free [Product Reviews](https:\/\/apps.shopify.com\/product-reviews) app","default":true},{"type":"checkbox","id":"collection_info_hide_reviews_counter","label":"Hide reviews counter","default":false},{"type":"checkbox","id":"collection_info_enable_hover_image","label":"Enable hover image","default":true},{"type":"checkbox","id":"collection_info_show_options","label":"Show options (variants)","default":true},{"type":"checkbox","id":"collection_info_show_button_add_to_cart","label":"Show button 'Add to cart'","default":true},{"type":"checkbox","id":"collection_info_show_button_add_to_wishlist","label":"Show button 'Add to wishlist'","default":true},{"type":"checkbox","id":"collection_info_show_button_add_to_compare","label":"Show button 'Add to compare'","default":false},{"type":"checkbox","id":"collection_info_show_button_quick_view","label":"Show button 'Quickview'","default":true}]},{"name":"Shipping Rates Calculator","settings":[{"type":"select","id":"shipping_calculator","label":"Show the shipping calculator?","options":[{"value":"Disabled","label":"No"},{"value":"Enabled","label":"Yes"}],"default":"Enabled"},{"type":"text","id":"shipping_calculator_heading","label":"Heading text","default":"Calculated Shipping"},{"type":"text","id":"shipping_process_checkout_heading","label":"Process checkout text","default":"PROCEED TO CHECKOUT"},{"type":"text","id":"shipping_grand_total_title","label":"Grand total title","default":"Grand Total"},{"type":"text","id":"shipping_calculator_default_country","label":"Default country selection","default":"United States"},{"type":"paragraph","content":"If your customer is logged-in, the country in his default shipping address will be selected. If you are not sure about the  spelling to use here, refer to the first checkout page."},{"type":"text","id":"shipping_calculator_submit_button_label","label":"Submit button label","default":"Calculate shipping"},{"type":"text","id":"shipping_calculator_submit_button_label_disabled","label":"Submit button label when calculating","default":"Calculating..."},{"type":"paragraph","content":"Do not forget to include the snippet shipping-calculator in your cart.liquid template where you want the shipping  calculator to appear. You can get the snippet here: [shipping-calculator.liquid](https:\/\/github.com\/carolineschnapp\/shipping-calculator\/blob\/master\/shipping-calculator.liquid) ."}]},{"name":"Newsletter","settings":[{"type":"header","content":"== General Settings"},{"type":"text","id":"newsletter_form_action","label":"MailChimp form action URL","default":"https:\/\/myshopify.us1.list-manage.com\/subscribe?u=95ad0059b8584d1288d9196cc&id=bf0c692fb4","info":"[How to create form builder with mail chimp](https:\/\/mailchimp.com\/help\/how-the-form-builder-works\/#About_the_form_builder)."}]},{"name":"Animations","settings":[{"type":"header","content":"Tooltips"},{"type":"select","id":"tooltips_animation_type","label":"Animation style","default":"scale","options":[{"value":"fade","label":"Fade"},{"value":"scale","label":"Scale"},{"value":"shift-toward","label":"Shift-toward"},{"value":"shift-away","label":"Shift-away"},{"value":"perspective","label":"Perspective"}]},{"type":"header","content":"Product"},{"type":"select","id":"product_hover_animation_type","label":"Animation style for content on product image hover (Collection Page, carousel product, tab product)","default":"scale","options":[{"value":"fade","label":"Fade"},{"value":"scale","label":"Scale"}]}]},{"name":"Social media","settings":[{"type":"header","content":"== Social Sharing"},{"type":"checkbox","id":"share_facebook","label":"Share on Facebook","default":true},{"type":"checkbox","id":"share_twitter","label":"Share on twitter","default":true},{"type":"checkbox","id":"share_email","label":"Share on email","default":true},{"type":"checkbox","id":"share_pinterest","label":"Share on pinterest","default":true},{"type":"checkbox","id":"share_tumblr","label":"Share on tumblr","default":true},{"type":"checkbox","id":"share_telegram","label":"Share on telegram","default":true},{"type":"checkbox","id":"share_whatsapp","label":"Share on whatsapp","default":true},{"type":"header","content":"== Social Link"},{"type":"text","id":"footer_title_social","label":"Title of social block","default":"FOLLOW US ON SOCIAL"},{"type":"checkbox","id":"footer_social_facebook_enable","label":"Show social media facebook","default":true},{"type":"text","id":"footer_social_facebook_link","label":"Your facebook","info":"https:\/\/facebook.com\/shopify"},{"type":"text","id":"footer_social_facebook_text","label":"Title of facebook","default":"Facebook"},{"type":"checkbox","id":"footer_social_twitter_enable","label":"Show social media twitter","default":true},{"type":"text","id":"footer_social_twitter_link","label":"Your twitter","info":"https:\/\/twitter.com\/shopify"},{"type":"text","id":"footer_social_twitter_text","label":"Title of twitter","default":"Twitter"},{"type":"checkbox","id":"footer_social_google_enable","label":"Show social media google+"},{"type":"text","id":"footer_social_google_link","label":"Your google+"},{"type":"text","id":"footer_social_google_text","label":"Title of google","default":"Google"},{"type":"checkbox","id":"footer_social_instargram_enable","label":"Show social media instargram","default":true},{"type":"text","id":"footer_social_instargram_link","label":"Your instargram","info":"http:\/\/instagram.com\/shopify"},{"type":"text","id":"footer_social_instargram_text","label":"Title of instargram","default":"Instargram"},{"type":"checkbox","id":"footer_social_pinterest_enable","label":"Show social media pinterest","default":true},{"type":"text","id":"footer_social_pinterest_link","label":"Your pinterest","info":"https:\/\/pinterest.com\/shopify"},{"type":"text","id":"footer_social_pinterest_text","label":"Title of pinterest","default":"Pinterest"},{"type":"checkbox","id":"footer_social_tumblr_enable","label":"Show social media tumblr"},{"type":"text","id":"social_tumblr_link","label":"Tumblr","info":"http:\/\/shopify.tumblr.com"},{"type":"text","id":"footer_social_tumblr_text","label":"Title of tumblr","default":"Tumblr"},{"type":"checkbox","id":"footer_social_snapchat_enable","label":"Show social media snapchat"},{"type":"text","id":"social_snapchat_link","label":"Snapchat","info":"https:\/\/www.snapchat.com\/add\/shopify"},{"type":"text","id":"footer_social_snapchat_text","label":"Title of snapchat","default":"Snapchat"},{"type":"checkbox","id":"footer_social_youtube_enable","label":"Show social media youtube"},{"type":"text","id":"social_youtube_link","label":"YouTube","info":"https:\/\/www.youtube.com\/shopify"},{"type":"text","id":"footer_social_youtube_text","label":"Title of youtube","default":"Youtube"},{"type":"checkbox","id":"footer_social_vimeo_enable","label":"Show social media vimeo"},{"type":"text","id":"social_vimeo_link","label":"Vimeo","info":"https:\/\/vimeo.com\/shopify"},{"type":"text","id":"footer_social_vimeo_text","label":"Title of vimeo","default":"Vimeo"}]},{"name":"Favicon","settings":[{"type":"image_picker","id":"favicon","label":"Favicon image","info":"Will be scaled down to 32 x 32px"},{"type":"header","content":"== Favicon retina image"},{"type":"image_picker","id":"favicon_apple","label":"Favicon retina image","info":"Upload image: png, ico, Will be scaled down to 152 x 152px"}]}]