{"sections":{"1636185893296a5405":{"type":"banner-full-width","blocks":{"1636185893296a5405-0":{"type":"banner_img","settings":{"image_sl":"shopify:\/\/shop_images\/banner-about-us.jpg","col":"12","ipad_col":"12","link_img":"","open_link":"_blank","h_position":"center","v_position":"middle","txt_align":"center","mg_bottom":0}},"a7184b49-7d2d-4a43-9731-333f1757ef03":{"type":"hd","settings":{"title":"About Us","color":"#ffffff","fw_text":400,"fs_text":60,"lh_text":0,"ls_text":0,"text_transform":"none","mg_bottom":30,"hide":false,"mobile_font_text":40,"mobile_mg_bottom":15}},"dc7fec51-dbf8-4d7d-9f30-3a4d9e319aa8":{"type":"txt","settings":{"title":"A wonderful serenity has taken possession of my entire soul, like these<br>\nsweet mornings of spring which I enjoy with my whole heart.","color":"#ffffff","fw_text":400,"fs_text":16,"lh_text":0,"ls_text":0,"mg_bottom":50,"hide":false,"mobile_font_text":14,"mobile_mg_bottom":25}},"96331a5b-50ef-4518-be98-148e01904abd":{"type":"btn","settings":{"title":"Discover now","btn_link":"","open_link":"_blank","cl_txt":"#ffffff","cl_txt_hover":"#ffffff","cl_bg":"#fa5d2a","cl_bg_hover":"#f94a11","cl_border":"rgba(0,0,0,0)","cl_border_hover":"rgba(0,0,0,0)","fs_text":14,"fw_text":500,"button_transform":"uppercase","br_button":"3px 3px","mg":"0px 0px 0px 0px","pd":"12px 50px 12px 50px","icon_button":"","ls_text":0,"mobile_font_text":14,"mobile_mg_bottom":0,"mobile_mg":"0px 0px 0px 0px","mobile_pd":"10px 25px 10px 25px"}}},"block_order":["1636185893296a5405-0","a7184b49-7d2d-4a43-9731-333f1757ef03","dc7fec51-dbf8-4d7d-9f30-3a4d9e319aa8","96331a5b-50ef-4518-be98-148e01904abd"],"settings":{"hidden":false,"no_flex":false,"layout":"full-width","pd_c_top":0,"pd_c_right":15,"pd_c_bottom":0,"pd_c_left":15,"mg_top":0,"mg_bottom":0,"mobile_mg_top":0,"mobile_mg_bottom":0}},"main-about":{"type":"about-section-style1","settings":{"hidden":false,"show_border":false,"layout":"container","mg_top":0,"mg_bottom":0,"pad_top":100,"pad_bottom":100,"mobile_mg_top":0,"mobile_mg_bottom":0,"mobile_pd_top":50,"mobile_pd_bottom":50,"bg_color":"#ffffff","small_banner":"shopify:\/\/shop_images\/banner-about-us1.png","use_eq_height":true,"title":"Hello,<br> <strong>With 25+ Years Of Experience<\/strong>","sub_title":"About Our Online Store","desc":"<p style=\"font-size:18px;color:#222;margin-bottom: 30px;\">Over 25 years Dukamarket helping companies reach their<br>\nfinancial and branding goals.<\/p>\nThe perfect way to enjoy brewing tea on low hanging fruit to identify. Duis autem vel eum iriure<br> dolor in hendrerit in vulputate velit esse molestie consequat, vel illum dolore eu feugiat nulla<br> facilisis. For me, the most important part of improving at photography.","founder":""}},"16361862794c280792":{"type":"text-column-with-image","blocks":{"16361862794c280792-0":{"type":"text_block","settings":{"enable_image":true,"image":"shopify:\/\/shop_images\/img-about1_914f7e0f-4307-4482-8092-680f9bc98a65.png","title":"Admin Verify Details","text":"<p>Sed ut perspiciatis unde omnis iste natus error sit accusantium doloremque laudantium totam rem aperiam, eaqueipsa quae veritatis.<\/p>","btn_title":"","btn_link":"","open_link":"_blank"}},"16361862794c280792-1":{"type":"text_block","settings":{"enable_image":true,"image":"shopify:\/\/shop_images\/img-about2.png","title":"Send The Solution","text":"<p>Sed ut perspiciatis unde omnis iste natus error sit accusantium doloremque laudantium totam rem aperiam, eaqueipsa quae veritatis.<\/p>","btn_title":"","btn_link":"","open_link":"_blank"}},"16361862794c280792-2":{"type":"text_block","settings":{"enable_image":true,"image":"shopify:\/\/shop_images\/img-about3.png","title":"Complete Profile","text":"<p>Sed ut perspiciatis unde omnis iste natus error sit accusantium doloremque laudantium totam rem aperiam, eaqueipsa quae veritatis.<\/p>","btn_title":"","btn_link":"","open_link":"_blank"}}},"block_order":["16361862794c280792-0","16361862794c280792-1","16361862794c280792-2"],"settings":{"hidden":false,"title":"Complete Customer Ideas","sub_title":"How it works","content":"The perfect way to enjoy brewing tea on low hanging fruit to identify. Duis autem vel eum iriure dolor in hendrerit<br> in vulputate velit esse molestie consequat, vel illum dolore eu feugiat nulla facilisis.","col_pr":"3","col_pr_tb":"3","col_pr_mb":"2","layout":"container","cl_bg":"#f6f7f9","mg_top":0,"mg_bottom":0,"pad_top":80,"pad_bottom":80,"mobile_mg_top":0,"mobile_mg_bottom":0,"mobile_pd_top":50,"mobile_pd_bottom":50}},"1636186336dd456704":{"type":"text-column-with-image2","blocks":{"1636186336dd456704-0":{"type":"text_block","settings":{"enable_image":true,"image":"shopify:\/\/shop_images\/banner-about-us-2.jpg","number":"5465+","title":"Active Clients","text":"<p>Sed ut perspiciatis unde omnisiste natus sit accusantium doloremque.<\/p>","number2":"4968+","title2":"Projects Done","text2":"<p>Sed ut perspiciatis unde omnisiste natus sit accusantium doloremque.<\/p>"}},"1636186336dd456704-1":{"type":"text_block","settings":{"enable_image":true,"image":"shopify:\/\/shop_images\/banner-about-us-3.jpg","number":"5465+","title":"Projects Done","text":"<p>Sed ut perspiciatis unde omnisiste natus sit accusantium doloremque.<\/p>","number2":"4968+","title2":"Users Online","text2":"<p>Sed ut perspiciatis unde omnisiste natus sit accusantium doloremque.<\/p>"}}},"block_order":["1636186336dd456704-0","1636186336dd456704-1"],"settings":{"hidden":false,"title":"Let’s Get Creative","sub_title":"TECHNOLOGY INDEX","content":"The perfect way to enjoy brewing tea on low hanging fruit to identify. Duis autem vel eum iriure<br> \ndolor in hendrerit in vulputate velit esse molestie consequat.","layout":"container","cl_bg":"#ffffff","mg_top":0,"mg_bottom":0,"pad_top":80,"pad_bottom":80,"mobile_mg_top":0,"mobile_mg_bottom":0,"mobile_pd_top":50,"mobile_pd_bottom":50}},"16366408661ddec571":{"type":"text-column-with-image3","blocks":{"16366408661ddec571-0":{"type":"text_block","settings":{"enable_image":true,"image":"shopify:\/\/shop_images\/6.jpg","title":"John Doe","sub_title":"Founder\/CEO","text":"<p>Sed ut perspiciatis unde omnis iste<br\/>natus error sitaccusantium doloremque laudan<br\/>totam rem aperiam.<\/p>","footer_social_facebook_enable":true,"footer_social_facebook_link":"","footer_social_twitter_enable":true,"footer_social_twitter_link":"","footer_social_instargram_enable":true,"footer_social_instargram_link":"","footer_social_dribbble_enable":true,"footer_social_dribbble_link":""}},"16366408661ddec571-1":{"type":"text_block","settings":{"enable_image":true,"image":"shopify:\/\/shop_images\/2_8cd9c9a0-25f5-4826-a384-2902846ae37d.jpg","title":"John Doe","sub_title":"Finace Manager","text":"<p>Sed ut perspiciatis unde omnis iste<br\/>natus error sitaccusantium doloremque laudan<br\/>totam rem aperiam.<\/p>","footer_social_facebook_enable":true,"footer_social_facebook_link":"","footer_social_twitter_enable":true,"footer_social_twitter_link":"","footer_social_instargram_enable":true,"footer_social_instargram_link":"","footer_social_dribbble_enable":true,"footer_social_dribbble_link":""}},"16366408661ddec571-2":{"type":"text_block","settings":{"enable_image":true,"image":"shopify:\/\/shop_images\/3_46aad6c4-4c6e-46a4-a350-3f1b5220ec99.jpg","title":"John Doe","sub_title":"Design Manager","text":"<p>Sed ut perspiciatis unde omnis iste<br\/>natus error sitaccusantium doloremque laudan<br\/>totam rem aperiam.<\/p>","footer_social_facebook_enable":true,"footer_social_facebook_link":"","footer_social_twitter_enable":true,"footer_social_twitter_link":"","footer_social_instargram_enable":true,"footer_social_instargram_link":"","footer_social_dribbble_enable":true,"footer_social_dribbble_link":""}}},"block_order":["16366408661ddec571-0","16366408661ddec571-1","16366408661ddec571-2"],"settings":{"hidden":false,"title":"Meet Our Team","sub_title":"THE TEAM","content":"The perfect way to enjoy brewing tea on low hanging fruit to identify. Duis autem vel eum iriure dolor in hendrerit<br> in vulputate velit esse molestie consequat, vel illum dolore eu feugiat nulla facilisis.","col_pr":"3","col_pr_tb":"3","col_pr_mb":"2","layout":"container","cl_bg":"#f6f7f9","mg_top":0,"mg_bottom":0,"pad_top":60,"pad_bottom":60,"mobile_mg_top":0,"mobile_mg_bottom":0,"mobile_pd_top":0,"mobile_pd_bottom":0}},"163618647560cca2a8":{"type":"store-location-about","blocks":{"163618647560cca2a8-1":{"type":"text_block","settings":{"enable_image":true,"image":"shopify:\/\/shop_images\/1_4.jpg","title":"94 Rue pelleport - paris","text":"<p>Add: Heaven Stress, Beverly Hill, Melbourne<\/p><p>Phone: (+100) 123 456 7890E<\/p><p>mail: Dukamarket@google.com<\/p>"}},"163618647560cca2a8-0":{"type":"text_block","settings":{"enable_image":true,"image":"shopify:\/\/shop_images\/2_5.jpg","title":"29 Prospect Height - New York","text":"<p>Add: Heaven Stress, Beverly Hill, Melbourne<\/p><p>Phone: (+100) 123 456 7890<\/p><p>Email: Dukamarket@google.com<\/p>"}},"163618647560cca2a8-2":{"type":"text_block","settings":{"enable_image":true,"image":"shopify:\/\/shop_images\/3_2.jpg","title":"64 Georgia Rd - South Korea","text":"<p>Add: Heaven Stress, Beverly Hill, Melbourne<\/p><p>Phone: (+100) 123 456 7890<\/p><p>Email: Dukamarket@google.com<\/p>"}},"2cd6e068-8ba6-4035-8d99-987fed2873b7":{"type":"text_block","settings":{"enable_image":true,"image":"shopify:\/\/shop_images\/4.jpg","title":"86 Georgia Rd - Turkey","text":"<p>Add: Heaven Stress, Beverly Hill, Melbourne<\/p><p>Phone: (+100) 123 456 7890<\/p><p>Email: Dukamarket@google.com<\/p>"}}},"block_order":["163618647560cca2a8-1","163618647560cca2a8-0","163618647560cca2a8-2","2cd6e068-8ba6-4035-8d99-987fed2873b7"],"settings":{"hidden":false,"title":"Where We Are","sub_title":"location store","content":"The perfect way to enjoy brewing tea on low hanging fruit to identify. Duis autem vel eum iriure dolor in hendrerit<br> in vulputate velit esse molestie consequat, vel illum dolore eu feugiat nulla facilisis.","col_pr":"4","col_pr_tb":"3","col_pr_mb":"2","layout":"container","cl_bg":"#ffffff","mg_top":0,"mg_bottom":0,"pad_top":80,"pad_bottom":80,"mobile_mg_top":0,"mobile_mg_bottom":0,"mobile_pd_top":50,"mobile_pd_bottom":50}}},"order":["1636185893296a5405","main-about","16361862794c280792","1636186336dd456704","16366408661ddec571","163618647560cca2a8"]}