{"sections":{"breadcrumb":{"type":"breadcrumb_blog","settings":{"bg":"rgba(0,0,0,0)","b_color":"rgba(0,0,0,0)","b_height":70,"mg_bottom":10,"mobile_bg":"rgba(0,0,0,0)","mobile_ht":70,"mobile_mg_bottom":10}},"content-blog":{"type":"content-blog","blocks":{"e9bdefe9-9d3a-465e-9fdf-8751362422f1":{"type":"search","settings":{"title":"Search blog","place_holder_search_sidebar":"Search blog","icon_search":"<i class=\"icon-search\"><\/i>"}},"bbbe3ea1-cf58-4a82-a24c-f4cfb21c7123":{"type":"category","settings":{"title_category_sidebar":"Categories","pagination_limit_category":"6"}},"c8ffbd87-a17f-40ea-8241-1ee3b203aefb":{"type":"latestpost","settings":{"title":"Latest post","blog":"cameras","limit_blog_latest":"5"}},"8272970e-2be6-475d-ad6a-d211ca8f2457":{"type":"newsletter","settings":{"title":"Newsletter","subtitle":"Subscribe to our newsletter and get our newest updates right on your inbox.","place_holder":"Your email","title_newsletter_checkbox":"I agree to the terms & conditions","title_newsletter_button":"Subscribe"}},"7479102b-2c4a-4327-a989-b64a5b9c64d8":{"type":"tags","settings":{"title":"Tags Cloud","limit_tags":"6"}}},"block_order":["e9bdefe9-9d3a-465e-9fdf-8751362422f1","bbbe3ea1-cf58-4a82-a24c-f4cfb21c7123","c8ffbd87-a17f-40ea-8241-1ee3b203aefb","8272970e-2be6-475d-ad6a-d211ca8f2457","7479102b-2c4a-4327-a989-b64a5b9c64d8"],"settings":{"layout_blog":"5","pagination_limit_blog":"8","cl_first":"6","cl":"6","mg_bottom":30}},"16394739366e4386e7":{"type":"benefit","blocks":{"07064664-2a1b-4069-95f4-c8ac77eb2333":{"type":"shipping","settings":{"icon":"icon-shipping","title":"Free Delivery","text":"For all orders over $120"}},"73970d59-8365-4f03-a087-c8cb4dd599eb":{"type":"shipping","settings":{"icon":"icon-payment","title":"Safe Payment","text":"100% secure payment"}},"f64292d1-c2fe-4c7b-b762-2b2b0b8cc14a":{"type":"shipping","settings":{"icon":"icon-help-center","title":"24\/7 Help Center","text":"Dedicated 24\/7 support"}},"1f064831-9f6b-4607-a7fc-99590de8d424":{"type":"shipping","settings":{"icon":"icon-friendly-services","title":"Friendly Services","text":"30 day satisfaction guarantee"}}},"block_order":["07064664-2a1b-4069-95f4-c8ac77eb2333","73970d59-8365-4f03-a087-c8cb4dd599eb","f64292d1-c2fe-4c7b-b762-2b2b0b8cc14a","1f064831-9f6b-4607-a7fc-99590de8d424"],"settings":{"title":"","sub_title":"","content":"","source":"1","sid_style":"style2","col_pr":"3","col_pr_tb":"6","hidden":false,"layout":"container","cl_bg":"#1f2024","cl_ic":"#16bcdc","cl_hd":"#ffffff","cl_cot":"#999999","cl_border":"rgba(0,0,0,0)","mg":"","pd":"33px,0,33px,0","mg_mb":"","pd_mb":"33px,0,33px,0"}}},"order":["breadcrumb","content-blog","16394739366e4386e7"]}