{"sections":{"breadcrumb":{"type":"breadcrumb","settings":{"bg":"rgba(0,0,0,0)","b_color":"rgba(0,0,0,0)","b_height":70,"mg_bottom":0,"mobile_bg":"rgba(0,0,0,0)","mobile_ht":70,"mobile_mg_bottom":0,"show_n_p":false,"show_title":true}},"main":{"type":"product-information","blocks":{"ed5dec54-d995-4f88-87d3-102460e07067":{"type":"name_product","settings":{"np_text_transform":"none","np_size":24,"np_size_mobile":24,"np_mg_top":0,"np_mg_bottom":15}},"6ff5677e-1d98-482d-bd86-4c67fe63a2af":{"type":"show_reviews","settings":{}},"f1e09af0-0154-41e2-996f-755cdde44ea4":{"type":"show_price","settings":{}},"dcc993b3-cfd4-4442-9e80-f7b06f2b8956":{"type":"free_shipping","settings":{}},"e86bc4bc-e521-4949-9a36-1bb6b4b93de8":{"type":"ps_countdown","settings":{"title":"Hurry Up! Special Offers end in:","hor_posi":"left"}},"c78dd46d-d065-4e43-aaa7-13423da0532f":{"type":"show_description","settings":{"tr_words":"40","des_size":14,"view_more":"View more","des_mg_top":0,"des_mg_bottom":30,"des_pad_top":0,"des_pad_right":0,"des_pad_bottom":0,"des_pad_left":0,"des_bg":"#ffffff"}},"7dd79963-0728-4ccb-85ae-a4ef29c6e44c":{"type":"inventory_qty","settings":{"total_items":50,"bg_1":"#cc1414","bg_2":"#efefef","h_stock":4}},"5c909704-7273-41b5-b5b9-38085bf8c176":{"type":"product_variants","settings":{"show_title":true}},"8681d35e-2735-4d23-98a5-4f3b5271e474":{"type":"quantity_button","settings":{"icon_button_cart":"lnr lnr-arrow-right","qt_show_quantity":true,"qt_show_cart":true,"show_popup":true,"qt_buy_it_now":true,"qt_show_compare":true,"qt_show_wishlist":true,"show_custom_color_btn":true,"color_text_cart":"#ffffff","bg_add_to_cart":"#16bcdc","color_text_cart_hover":"#ffffff","bg_add_to_cart_hv":"#14a8c5","color_text_buy_now":"#f5f5f5","bg_buy_it_now":"#222222","color_text_buy_now_hover":"#ffffff","bg_buy_it_now_hv":"#fcbe00"}},"127238f7-208f-40fe-b604-dafe1d22e2b8":{"type":"text_countdown_html","settings":{"show_text_countdown":true,"show_visitors_html":true}},"b042244a-e9d0-4cc5-a653-28a82d22be13":{"type":"show_sku","settings":{}},"ebc8e029-67ab-4c01-b6b5-e2fe1c0fe6ea":{"type":"show_barcode","settings":{}},"681a002e-aca1-48aa-95bc-952be31c81ea":{"type":"show_type","settings":{}},"f3b92eaa-725c-41cb-af92-3c603796a1a5":{"type":"show_availability","settings":{"color_in_stock":"#cc1414","color_out_stock":"#00badb"}}},"block_order":["ed5dec54-d995-4f88-87d3-102460e07067","6ff5677e-1d98-482d-bd86-4c67fe63a2af","f1e09af0-0154-41e2-996f-755cdde44ea4","dcc993b3-cfd4-4442-9e80-f7b06f2b8956","e86bc4bc-e521-4949-9a36-1bb6b4b93de8","c78dd46d-d065-4e43-aaa7-13423da0532f","7dd79963-0728-4ccb-85ae-a4ef29c6e44c","5c909704-7273-41b5-b5b9-38085bf8c176","8681d35e-2735-4d23-98a5-4f3b5271e474","127238f7-208f-40fe-b604-dafe1d22e2b8","b042244a-e9d0-4cc5-a653-28a82d22be13","ebc8e029-67ab-4c01-b6b5-e2fe1c0fe6ea","681a002e-aca1-48aa-95bc-952be31c81ea","f3b92eaa-725c-41cb-af92-3c603796a1a5"],"settings":{}},"product-page-tab":{"type":"product-page-tab","blocks":{"f9332aee-ca1e-4993-ad5c-e3d5984789cc":{"type":"tab_description","settings":{"title_description":"Description"}},"5d50cdc1-62b7-4fe4-a1d3-de4b0fea8c25":{"type":"show_variants","settings":{"title":"Additional Information"}},"22f75249-e4ab-453e-84d5-0006118d5803":{"type":"tab_metafields","settings":{}},"0e2c2c01-948c-43f1-ae77-e8dbabaf8f55":{"type":"tab_reviews","settings":{"title_reviews":"Reviews"}}},"block_order":["f9332aee-ca1e-4993-ad5c-e3d5984789cc","5d50cdc1-62b7-4fe4-a1d3-de4b0fea8c25","22f75249-e4ab-453e-84d5-0006118d5803","0e2c2c01-948c-43f1-ae77-e8dbabaf8f55"],"settings":{"layout":"container","cl_bg":"rgba(0,0,0,0)","mg_top":60,"mg_bottom":60,"pad_top":0,"pad_bottom":60}},"related-product-carousel":{"type":"related-product-carousel","settings":{"layout":"container","title":"Related Products","sub_title":"","content":"","max_count":9,"col_pr":"6","col_ipad_pro":"4","col_ipad":"3","col_mobile":"2","col_mobile_vertical":"1","autoplay":false,"arrows":true,"dots":false,"infinite":false,"cl_bg":"rgba(0,0,0,0)","use_eq_height":false,"image_ratio":"ratio1_1","mg_top":0,"mg_bottom":40,"pad_top":0,"pad_bottom":0,"mobile_mg_top":0,"mobile_mg_bottom":20,"mobile_pd_top":0,"mobile_pd_bottom":0}},"1636451072444b7fa9":{"type":"products-recently-viewed","settings":{"layout":"container","sortby":"3","cl_bg":"rgba(0,0,0,0)","use_eq_height":false,"image_ratio":"ratio3_2","mg_top":0,"mg_bottom":60,"pad_top":0,"pad_bottom":0,"mobile_mg_top":0,"mobile_mg_bottom":40,"mobile_pd_top":0,"mobile_pd_bottom":0}},"1638953919f74bdaba":{"type":"benefit","blocks":{"e7dba86d-c74f-47df-b041-c6fa059a18f8":{"type":"shipping","settings":{"icon":"icon-shipping","title":"Free Delivery","text":"For all orders over $120"}},"a99758dd-6db6-41ee-aa62-12c7f6b8ac73":{"type":"shipping","settings":{"icon":"icon-payment","title":"Safe Payment","text":"100% secure payment"}},"ae8e38f9-532f-4858-8c57-94795b1d92d9":{"type":"shipping","settings":{"icon":"icon-help-center","title":"24\/7 Help Center","text":"Dedicated 24\/7 support"}},"dab29e86-4752-4bcd-ab26-49d9fb254aa9":{"type":"shipping","settings":{"icon":"icon-confidence","title":"Shop With Confidence","text":"If goods have problems"}},"05fc605c-82d9-4c55-a8d4-584d7fcd68db":{"type":"shipping","settings":{"icon":"icon-friendly-services","title":"Friendly Services","text":"30 day satisfaction guarantee"}}},"block_order":["e7dba86d-c74f-47df-b041-c6fa059a18f8","a99758dd-6db6-41ee-aa62-12c7f6b8ac73","ae8e38f9-532f-4858-8c57-94795b1d92d9","dab29e86-4752-4bcd-ab26-49d9fb254aa9","05fc605c-82d9-4c55-a8d4-584d7fcd68db"],"settings":{"title":"","sub_title":"","content":"","source":"1","sid_style":"style2","col_pr":"15","col_pr_tb":"3","hidden":false,"layout":"container","cl_bg":"#1f2024","cl_ic":"#16bcdc","cl_hd":"#ffffff","cl_cot":"#666666","cl_border":"rgba(0,0,0,0)","mg":"","pd":"33px,0,33px,0","mg_mb":"","pd_mb":"33px,0,33px,0"}}},"order":["breadcrumb","main","product-page-tab","related-product-carousel","1636451072444b7fa9","1638953919f74bdaba"]}