{"sections":{"breadcrumb":{"type":"breadcrumb","settings":{"bg":"#ffffff","b_color":"#ebebeb","b_height":70,"mg_bottom":0,"mobile_bg":"#ffffff","mobile_ht":50,"mobile_mg_bottom":0,"show_n_p":true,"show_title":false}},"banner":{"type":"main-collection-banner","settings":{"show_full_width":false,"show_collection_description":true,"show_collection_image":false}},"product-grid":{"type":"main-collection-product-grid","settings":{"products_per_page":12,"show_full_width":false,"grid_select":"4","enable_filtering":true,"enable_sorting":true,"collapse_on_larger_devices":false}},"1637118079854187b7":{"type":"brand-list","blocks":{"1637118079dabb6aa9-0":{"type":"brand","settings":{"image":"shopify:\/\/shop_images\/brand_06_71ca5cdd-281c-4b94-a7fd-c7737f931cb8.png","url":"","open_link":"_blank"}},"1637118079dabb6aa9-1":{"type":"brand","settings":{"image":"shopify:\/\/shop_images\/brand_02_a47b15bc-adfd-49a5-abc0-dd359d807b52.png","url":"","open_link":"_blank"}},"1637118079dabb6aa9-2":{"type":"brand","settings":{"image":"shopify:\/\/shop_images\/brand_01_763002c1-6b6f-404d-bf32-ace288cd42eb.png","url":"","open_link":"_blank"}},"1637118079dabb6aa9-3":{"type":"brand","settings":{"image":"shopify:\/\/shop_images\/brand_07.png","url":"","open_link":"_blank"}},"1637118079dabb6aa9-4":{"type":"brand","settings":{"image":"shopify:\/\/shop_images\/brand_06.png","url":"","open_link":"_blank"}},"1637118079dabb6aa9-5":{"type":"brand","settings":{"image":"shopify:\/\/shop_images\/brand_04.png","url":"","open_link":"_blank"}},"1637118079dabb6aa9-6":{"type":"brand","settings":{"image":"shopify:\/\/shop_images\/brand_03.png","url":"","open_link":"_blank"}},"1637118079dabb6aa9-7":{"type":"brand","settings":{"image":"shopify:\/\/shop_images\/brand_01.png","url":"","open_link":"_blank"}}},"block_order":["1637118079dabb6aa9-0","1637118079dabb6aa9-1","1637118079dabb6aa9-2","1637118079dabb6aa9-3","1637118079dabb6aa9-4","1637118079dabb6aa9-5","1637118079dabb6aa9-6","1637118079dabb6aa9-7"],"settings":{"hidden":false,"layout":"container","cl_bg":"#ffffff","show_border":false,"cl_bg_border":"#cccccc","mg":"30px,0,0,0","pd":"","mg_mb":"","pd_mb":"","title":"","sub_title":"","content":"Commodo sociosqu venenatis cras dolor sagittis integer luctus maecenas.","col_pr":"6","col_ipad_pro":"4","col_ipad":"2","col_mobile":"1","col_mobile_vertical":"1","use_slideshow_autoplay":false,"infinite":false,"nav_enable":true,"dot_enable":false}}},"order":["breadcrumb","banner","product-grid","1637118079854187b7"]}