{"sections":{"breadcrumb":{"type":"breadcrumb","settings":{"bg_breadcrumb_blog":"shopify:\/\/shop_images\/img-fqas.jpg","bg":"#ffffff","b_color":"#ebebeb","b_height":360,"mg_bottom":50,"mobile_bg":"#222222","mobile_ht":200,"mobile_mg_bottom":0,"show_n_p":true,"show_title":true}},"content-faqs":{"type":"content-faqs","blocks":{"6afd5851-3c44-44aa-bb4b-e7d2be2ebd76":{"type":"faq","settings":{"title":"Shopping information","faq_name":"How do I place an order?","faq_desc":"Similique sunt in culpa qui officia deserunt mollitia animi, id est laborum et dolorum fuga. Et harum quidem rerum facilis est et expedita distinctio. Nam libero tempore, cum soluta nobis est eligendi optio cumque nihil impedit quo minus id quod maxime placeat facere possimus, omnis voluptas assumenda est, omnis dolor repellendus. Temporibus autem quibusdam et aut officiis debitis aut rerum necessitatibus saepe eveniet ut et voluptates repudiandae sint et molestiae non recusandae. Itaque earum rerum hic tenetur a sapiente delectus, ut aut reiciendis voluptatibus maiores alias consequatur aut perferendis doloribus asperiores repellat.","faq_name2":"What is Lorem Ipsum?","faq_desc2":"Lorem Ipsum is simply dummy text of the printing and typesetting industry. Lorem Ipsum has been the industry's standard dummy text ever since the 1500s, when an unknown printer took a galley of type and scrambled it to make a type specimen book.","faq_name3":"The standard Lorem Ipsum passage, used since the 1500s?","faq_desc3":"Lorem ipsum dolor sit amet, consectetur adipiscing elit, sed do eiusmod tempor incididunt ut labore et dolore magna aliqua. Ut enim ad minim veniam, quis nostrud exercitation ullamco laboris nisi ut aliquip ex ea commodo consequat. Duis aute irure dolor in reprehenderit in voluptate velit esse cillum dolore eu fugiat nulla pariatur.","faq_name4":"Why don't you ship to my country?","faq_desc4":"Sed ut perspiciatis unde omnis iste natus error sit voluptatem accusantium doloremque laudantium, totam rem aperiam, eaque ipsa quae ab illo inventore veritatis et quasi architecto beatae vitae dicta sunt explicabo. Nemo enim ipsam voluptatem quia voluptas sit aspernatur aut odit aut fugit, sed quia consequuntur magni dolores eos qui ratione voluptatem sequi nesciunt. Neque porro quisquam est, qui dolorem ipsum quia dolor sit amet, consectetur, adipisci velit, sed quia non numquam eius modi tempora incidunt ut labore et dolore magnam aliquam quaerat voluptatem.","faq_name5":"Ut labore et dolore magna aliqua. Ut enim ad?","faq_desc5":"\"Lorem ipsum dolor sit amet, consectetur adipiscing elit, sed do eiusmod tempor incididunt ut labore et dolore magna aliqua. Ut enim ad minim veniam, quis nostrud exercitation ullamco laboris nisi"}}},"block_order":["6afd5851-3c44-44aa-bb4b-e7d2be2ebd76"],"settings":{"faq_title_page":"","show_content":true,"faq_title":"How can we help you?","faq_desc":"<p>Returns are free for orders shipped within the U.S. We include a UPS return label in every package which is at no cost to use.<\/p>\n\n<p>Follow the steps below for a seamless returns process:<\/p>\n<ul>\n\t<li>-   Please indicate a reason for return using one of the Return Codes listed on the order form included in your package. <\/li>\n\t<li>-   Attach your UPS return label to the outside of the package. There is no cost to use this label.<\/li>\n\t<li>-   Please make note of your tracking number so that you are able to track it on its way back to us.<\/li>\n<\/ul>\n\n<p style=\"color:#c6452c;\">You will receive an email once your return has been processed. Please allow 06 - 12 business days from the time your package arrives back to us for a refund to be issued.<\/p>","show_menu":true,"menu_page":"category"}}},"order":["breadcrumb","content-faqs"]}