{"sections":{"breadcrumb":{"type":"breadcrumb_blog","settings":{"bg":"#ffffff","b_color":"#ebebeb","b_height":70,"mg_bottom":0,"mobile_bg":"#ffffff","mobile_ht":50,"mobile_mg_bottom":0}},"content-article":{"type":"content-article","blocks":{"8491058e-e406-460f-966d-4dd1ad80752d":{"type":"search","settings":{"title":"Search blog","place_holder_search_sidebar":"Search blog","icon_search":"<i class=\"icon-search\"><\/i>"}},"acd578ec-3bb9-4a69-80d0-29b85ba50581":{"type":"social","settings":{"title":"social"}},"5af5950b-6c90-41ad-916d-f800c05d762a":{"type":"category","settings":{"title_category_sidebar":"Categories","pagination_limit_category":"6"}},"8cdc7723-5687-454f-8049-8fdd4d6ffbf8":{"type":"latestpost","settings":{"title":"Latest post","blog":"shopping","limit_blog_latest":"5"}},"7c822fda-4333-434c-98b7-fe34f7a93096":{"type":"tags","settings":{"title":"Tags Cloud","limit_tags":"6"}}},"block_order":["8491058e-e406-460f-966d-4dd1ad80752d","acd578ec-3bb9-4a69-80d0-29b85ba50581","5af5950b-6c90-41ad-916d-f800c05d762a","8cdc7723-5687-454f-8049-8fdd4d6ffbf8","7c822fda-4333-434c-98b7-fe34f7a93096"],"settings":{"title_show_sidebar":"Show Sidebar","comment_use_chk":false,"show_tags":true,"limit_tags":"4","show_social":true,"layout_blog":"2","mg_bottom":100,"mobile_mg_bottom":50}}},"order":["breadcrumb","content-article"]}