{"sections":{"breadcrumb":{"type":"breadcrumb","settings":{"bg":"#ffffff","b_color":"#ebebeb","b_height":70,"mg_bottom":0,"mobile_bg":"#ffffff","mobile_ht":30,"mobile_mg_bottom":0,"show_n_p":true}},"main":{"type":"product-information","blocks":{"ed5dec54-d995-4f88-87d3-102460e07067":{"type":"name_product","settings":{"np_text_transform":"none","np_size":30,"np_weight":500,"np_size_mobile":24,"np_mg_top":0,"np_mg_bottom":30}},"6ff5677e-1d98-482d-bd86-4c67fe63a2af":{"type":"show_reviews","settings":{}},"f1e09af0-0154-41e2-996f-755cdde44ea4":{"type":"show_price","settings":{}},"dcc993b3-cfd4-4442-9e80-f7b06f2b8956":{"type":"free_shipping","settings":{}},"e86bc4bc-e521-4949-9a36-1bb6b4b93de8":{"type":"ps_countdown","settings":{"title":"Hurry Up! Special Offers end in:","hor_posi":"left"}},"c78dd46d-d065-4e43-aaa7-13423da0532f":{"type":"show_description","settings":{"tr_words":"65","des_size":16,"view_more":"View more","des_mg_top":0,"des_mg_bottom":30,"des_pad_top":0,"des_pad_right":0,"des_pad_bottom":0,"des_pad_left":0,"des_bg":"#ffffff"}},"7dd79963-0728-4ccb-85ae-a4ef29c6e44c":{"type":"inventory_qty","settings":{"total_items":50,"bg_1":"#222222","bg_2":"#efefef","h_stock":4}},"5c909704-7273-41b5-b5b9-38085bf8c176":{"type":"product_variants","settings":{"show_title":true}},"26275900-d1bc-4fb9-8fe1-bf109d65aeb2":{"type":"size_guide_delivery","settings":{}},"8681d35e-2735-4d23-98a5-4f3b5271e474":{"type":"quantity_button","settings":{"icon_button_cart":"lnr lnr-arrow-right","qt_show_quantity":true,"qt_show_cart":true,"show_popup":true,"qt_buy_it_now":true,"qt_show_compare":true,"qt_show_wishlist":true,"show_custom_color_btn":false,"color_text_cart":"#ffffff","bg_add_to_cart":"#1a73e8","color_text_cart_hover":"#ffffff","bg_add_to_cart_hv":"#343e45","color_text_buy_now":"#ffffff","bg_buy_it_now":"#4ad295","color_text_buy_now_hover":"#ffffff","bg_buy_it_now_hv":"#1a73e8"}},"a5cb34bc-82e0-426c-94bc-dabdcd05d170":{"type":"show_vendor","settings":{}},"f3b92eaa-725c-41cb-af92-3c603796a1a5":{"type":"show_availability","settings":{"color_in_stock":"#042cd6","color_out_stock":"#c6452c"}},"b042244a-e9d0-4cc5-a653-28a82d22be13":{"type":"show_sku","settings":{}},"ebc8e029-67ab-4c01-b6b5-e2fe1c0fe6ea":{"type":"show_barcode","settings":{}},"cdf99e92-d49c-4267-a492-bbfa1ebb797e":{"type":"tags","settings":{"tags":"Exercise,Girls,Running,Training,Basketball,Lifestyle,Galliano,Paul Gaultier,Georgine,Matthew Christopher,Chrome Hearts,Clements Ribeiro,Dominique Aurientis"}},"3336cddd-f24b-4ab7-85f4-dbd59968b1f1":{"type":"show_social","settings":{"type_social":"2"}}},"block_order":["ed5dec54-d995-4f88-87d3-102460e07067","6ff5677e-1d98-482d-bd86-4c67fe63a2af","f1e09af0-0154-41e2-996f-755cdde44ea4","dcc993b3-cfd4-4442-9e80-f7b06f2b8956","e86bc4bc-e521-4949-9a36-1bb6b4b93de8","c78dd46d-d065-4e43-aaa7-13423da0532f","7dd79963-0728-4ccb-85ae-a4ef29c6e44c","5c909704-7273-41b5-b5b9-38085bf8c176","26275900-d1bc-4fb9-8fe1-bf109d65aeb2","8681d35e-2735-4d23-98a5-4f3b5271e474","a5cb34bc-82e0-426c-94bc-dabdcd05d170","f3b92eaa-725c-41cb-af92-3c603796a1a5","b042244a-e9d0-4cc5-a653-28a82d22be13","ebc8e029-67ab-4c01-b6b5-e2fe1c0fe6ea","cdf99e92-d49c-4267-a492-bbfa1ebb797e","3336cddd-f24b-4ab7-85f4-dbd59968b1f1"],"settings":{"layout":"container","cl_bg":"#fff","mg":"","pd":"","mg_mb":"","pd_mb":""}},"product-page-tab":{"type":"product-page-tab","blocks":{"f9332aee-ca1e-4993-ad5c-e3d5984789cc":{"type":"tab_description","settings":{"title_description":"Description"}},"5d50cdc1-62b7-4fe4-a1d3-de4b0fea8c25":{"type":"show_variants","settings":{"title":"Additional Information"}},"d07132a9-cf30-4c47-a9f5-6b3bd410c124":{"type":"tab_custom_html","settings":{"title":"Custom HTML","page_content":""}},"22f75249-e4ab-453e-84d5-0006118d5803":{"type":"tab_metafields","settings":{}},"0e2c2c01-948c-43f1-ae77-e8dbabaf8f55":{"type":"tab_reviews","settings":{"title_reviews":"Reviews"}}},"block_order":["f9332aee-ca1e-4993-ad5c-e3d5984789cc","5d50cdc1-62b7-4fe4-a1d3-de4b0fea8c25","d07132a9-cf30-4c47-a9f5-6b3bd410c124","22f75249-e4ab-453e-84d5-0006118d5803","0e2c2c01-948c-43f1-ae77-e8dbabaf8f55"],"settings":{"layout":"container","cl_bg":"#ffffff","mg_top":0,"mg_bottom":100,"pad_top":100,"pad_bottom":100}},"related-product-carousel":{"type":"related-product-carousel","settings":{"layout":"container","title":"Related Products","sub_title":"","content":"Commodo sociosqu venenatis cras dolor sagittis integer luctus maecenas.","max_count":6,"col_pr":"4","col_ipad_pro":"4","col_ipad":"2","col_mobile":"1","col_mobile_vertical":"1","autoplay":true,"arrows":true,"dots":true,"infinite":false,"cl_bg":"#ffffff","use_eq_height":false,"image_ratio":"ratio3_2","mg_top":0,"mg_bottom":100,"pad_top":0,"pad_bottom":0,"mobile_mg_top":0,"mobile_mg_bottom":0,"mobile_pd_top":0,"mobile_pd_bottom":0}},"products-recently-viewed":{"type":"products-recently-viewed","settings":{"layout":"container","title":"Recently viewed products","sub_title":"","content":"Commodo sociosqu venenatis cras dolor sagittis integer luctus maecenas.","size_of_columns":"4","size_to_scroll":"1","max_count":6,"autoplay":false,"speed":5,"infinite":true,"arrows":true,"bullets":false,"sortby":"3","cl_bg":"#ffffff","use_eq_height":false,"image_ratio":"ratio3_2","mg_top":0,"mg_bottom":100,"pad_top":0,"pad_bottom":0,"mobile_mg_top":0,"mobile_mg_bottom":0,"mobile_pd_top":0,"mobile_pd_bottom":0}},"164213359341eb6837":{"type":"instagram-image-slider","blocks":{"164213359308bdf674-0":{"type":"img","settings":{"image":"shopify:\/\/shop_images\/4_74218783-5c4e-4539-a15b-25529f1da6cd.png","url":""}},"164213359308bdf674-1":{"type":"img","settings":{"image":"shopify:\/\/shop_images\/6_435c5b71-8e20-42f6-a0c0-a88f124d095b.png","url":""}},"164213359308bdf674-2":{"type":"img","settings":{"image":"shopify:\/\/shop_images\/9.png","url":""}},"164213359308bdf674-3":{"type":"img","settings":{"image":"shopify:\/\/shop_images\/7_77b5ac44-a4c2-417a-96e1-9ea2cd13d686.png","url":""}},"164213359308bdf674-4":{"type":"img","settings":{"image":"shopify:\/\/shop_images\/8.png","url":""}},"164213359308bdf674-5":{"type":"img","settings":{"image":"shopify:\/\/shop_images\/5_4987e18c-069c-4554-b3c3-fa18d4decfb5.png","url":""}}},"block_order":["164213359308bdf674-0","164213359308bdf674-1","164213359308bdf674-2","164213359308bdf674-3","164213359308bdf674-4","164213359308bdf674-5"],"settings":{"hidden":false,"layout":"full-width","title":"","sub_title":"","content":"Commodo sociosqu venenatis cras dolor sagittis integer luctus maecenas.","open_link":"_self","space":"0","col_pr":"6","col_ipad_pro":"4","col_ipad":"3","col_mobile":"2","col_mobile_vertical":"1","autoplay":true,"arrows":false,"dots":false,"infinite":false,"cl_bg":"#ffffff","mg":"30px,,,","pd":"","mg_mb":"","pd_mb":""}}},"order":["breadcrumb","main","product-page-tab","related-product-carousel","products-recently-viewed","164213359341eb6837"]}