{"pages":[{"id":92365521129,"title":"About Us","shop_id":60668674281,"handle":"about-us","body_html":"","author":null,"created_at":"2021-11-06T15:03:58+07:00","updated_at":"2021-11-06T15:03:58+07:00","published_at":"2021-11-06T15:03:58+07:00","template_suffix":"about-us","admin_graphql_api_id":"gid://shopify/OnlineStorePage/92365521129"},{"id":92093382889,"title":"Contact","shop_id":60668674281,"handle":"contact","body_html":null,"author":null,"created_at":"2021-10-28T08:52:50+07:00","updated_at":"2021-10-28T08:52:50+07:00","published_at":"2021-10-28T08:52:50+07:00","template_suffix":"contact","admin_graphql_api_id":"gid://shopify/OnlineStorePage/92093382889"},{"id":93127672041,"title":"faqs","shop_id":60668674281,"handle":"faqs","body_html":"","author":null,"created_at":"2021-11-30T13:35:46+07:00","updated_at":"2021-11-30T13:35:46+07:00","published_at":"2021-11-30T13:35:46+07:00","template_suffix":"faqs","admin_graphql_api_id":"gid://shopify/OnlineStorePage/93127672041"},{"id":92365816041,"title":"Our team","shop_id":60668674281,"handle":"our-team","body_html":"","author":null,"created_at":"2021-11-06T15:24:57+07:00","updated_at":"2021-11-06T15:24:57+07:00","published_at":"2021-11-06T15:24:57+07:00","template_suffix":"our-team","admin_graphql_api_id":"gid://shopify/OnlineStorePage/92365816041"}]}