{"articles":[{"id":564226719920,"title":"Transition Your Favorite Looks into Fall","created_at":"2021-09-17T21:39:08+07:00","body_html":"<p>It is accompanied by a case that can contain up to three different diffusers and can be used for dry storage of loose tea. The perfect way to enjoy brewing tea on low hanging fruit to identify. Lighting is a minimal residence located in Tokyo, Japan, designed by Gosto. </p>\n<p> </p>\n<p>Large tiles were arranged on the counter top plate near the window of the living room, they were connected to the kitchen counter through the opening in the existing building wall. For me, the most important part of improving at photography has been sharing it. Sign up for an Exposure account, or post regularly to Tumblr, or both. Tell people you’re trying to get better at photography.</p>\n<p> </p>\n<p><span style=\"color: #0a2748; font-size: 24px;\"><em>“  The disk at the bottom of the bowl can be turned counterclockwise to drain water when washing vegetables and it can be turned.  ” </em></span></p>\n<p> </p>\n<p>Large tiles were arranged on the counter top plate near the window of the living room, they were connected to the kitchen counter through the opening in the existing building wall. For me, the most important part of improving at photography has been sharing it. Sign up for an Exposure account, or post regularly to Tumblr, or both. Tell people you’re trying to get better at photography.</p>\n<p> </p>\n<div class=\"custom_html\">\n<div class=\"row row-5\">\n<div class=\"col-xs-12 col-sm-12 col-lg-6 padding-0-5 img\"><a href=\"#\"> <img src=\"https://cdn.shopify.com/s/files/1/0593/9488/3760/files/2.jpg?v=1630120018\" alt=\"\" style=\"float: none;\"> </a></div>\n<div class=\"col-xs-12 col-sm-12 padding-0-5 col-lg-6 img\"><a href=\"#\"> <img src=\"https://cdn.shopify.com/s/files/1/0593/9488/3760/files/1.jpg?v=1630119956\" alt=\"\" style=\"float: none;\"> </a></div>\n</div>\n</div>\n<div class=\"custom_html\">\n<div class=\"img\"><a href=\"#\"> <img src=\"https://cdn.shopify.com/s/files/1/0593/9488/3760/files/3.jpg?v=1630120042\" alt=\"\" style=\"float: none;\"> </a></div>\n</div>\n<p> </p>\n<p>For me, the most important part of improving at photography has been sharing it. Sign up for an Exposure account, or post regularly to Tumblr, or both. Tell people you’re trying to get better at photography. Talk about it. When you talk about it, other people get excited about it. They’ll come on photo walks with you.</p>\n<p> </p>\n<p>Staying locked up in four walls have restricted our thinking. I feel like our limited thinking echoes through this wall. We are so used to schedules and predictable life that we have successfully suppressed our creative side. When you step out of these four walls on a peaceful morning, you realize how much nature has to offer to you. Its boundless. Your thoughts, worries, deadlines won’t resonate here.</p>","blog_id":81973608624,"author":"Alex Nguyen","user_id":76455706800,"published_at":"2021-09-17T21:39:08+07:00","updated_at":"2021-12-10T15:02:30+07:00","summary_html":"","template_suffix":"","handle":"transition-your-favorite-looks-into-fall-2","tags":"Best, Kitchen, Lookbook, Minimal, Outdoor, Sofa, Stylish, Summer","admin_graphql_api_id":"gid://shopify/OnlineStoreArticle/564226719920","image":{"created_at":"2021-09-17T21:39:08+07:00","alt":"","width":1170,"height":789,"src":"https://cdn.shopify.com/s/files/1/0593/9488/3760/articles/6.jpg?v=1631889549"}},{"id":564226687152,"title":"Transition Your Favorite Looks into Fall","created_at":"2021-09-17T21:36:16+07:00","body_html":"<p>It is accompanied by a case that can contain up to three different diffusers and can be used for dry storage of loose tea. The perfect way to enjoy brewing tea on low hanging fruit to identify. Lighting is a minimal residence located in Tokyo, Japan, designed by Gosto. </p>\n<p> </p>\n<p>Large tiles were arranged on the counter top plate near the window of the living room, they were connected to the kitchen counter through the opening in the existing building wall. For me, the most important part of improving at photography has been sharing it. Sign up for an Exposure account, or post regularly to Tumblr, or both. Tell people you’re trying to get better at photography.</p>\n<p> </p>\n<p><span style=\"color: #0a2748; font-size: 24px;\"><em>“  The disk at the bottom of the bowl can be turned counterclockwise to drain water when washing vegetables and it can be turned.  ” </em></span></p>\n<p> </p>\n<p>Large tiles were arranged on the counter top plate near the window of the living room, they were connected to the kitchen counter through the opening in the existing building wall. For me, the most important part of improving at photography has been sharing it. Sign up for an Exposure account, or post regularly to Tumblr, or both. Tell people you’re trying to get better at photography.</p>\n<p> </p>\n<div class=\"custom_html\">\n<div class=\"row row-5\">\n<div class=\"col-xs-12 col-sm-12 col-lg-6 padding-0-5 img\"><a href=\"#\"> <img src=\"https://cdn.shopify.com/s/files/1/0593/9488/3760/files/2.jpg?v=1630120018\" alt=\"\" style=\"float: none;\"> </a></div>\n<div class=\"col-xs-12 col-sm-12 padding-0-5 col-lg-6 img\"><a href=\"#\"> <img src=\"https://cdn.shopify.com/s/files/1/0593/9488/3760/files/1.jpg?v=1630119956\" alt=\"\" style=\"float: none;\"> </a></div>\n</div>\n</div>\n<div class=\"custom_html\">\n<div class=\"img\"><a href=\"#\"> <img src=\"https://cdn.shopify.com/s/files/1/0593/9488/3760/files/3.jpg?v=1630120042\" alt=\"\" style=\"float: none;\"> </a></div>\n</div>\n<p> </p>\n<p>For me, the most important part of improving at photography has been sharing it. Sign up for an Exposure account, or post regularly to Tumblr, or both. Tell people you’re trying to get better at photography. Talk about it. When you talk about it, other people get excited about it. They’ll come on photo walks with you.</p>\n<p> </p>\n<p>Staying locked up in four walls have restricted our thinking. I feel like our limited thinking echoes through this wall. We are so used to schedules and predictable life that we have successfully suppressed our creative side. When you step out of these four walls on a peaceful morning, you realize how much nature has to offer to you. Its boundless. Your thoughts, worries, deadlines won’t resonate here.</p>","blog_id":81973608624,"author":"Alex Nguyen","user_id":76455706800,"published_at":"2021-09-17T21:36:36+07:00","updated_at":"2021-12-10T15:02:09+07:00","summary_html":"","template_suffix":"","handle":"transition-your-favorite-looks-into-fall-1","tags":"Best, Kitchen, Lookbook, Minimal, Outdoor, Sofa, Stylish, Summer","admin_graphql_api_id":"gid://shopify/OnlineStoreArticle/564226687152","image":{"created_at":"2021-09-17T21:36:16+07:00","alt":"","width":1170,"height":789,"src":"https://cdn.shopify.com/s/files/1/0593/9488/3760/articles/5.jpg?v=1631889376"}},{"id":563849953456,"title":"Transition Your Favorite Looks into Fall","created_at":"2021-08-28T13:45:57+07:00","body_html":"<p>It is accompanied by a case that can contain up to three different diffusers and can be used for dry storage of loose tea. The perfect way to enjoy brewing tea on low hanging fruit to identify. Lighting is a minimal residence located in Tokyo, Japan, designed by Gosto. </p>\n<p> </p>\n<p>Large tiles were arranged on the counter top plate near the window of the living room, they were connected to the kitchen counter through the opening in the existing building wall. For me, the most important part of improving at photography has been sharing it. Sign up for an Exposure account, or post regularly to Tumblr, or both. Tell people you’re trying to get better at photography.</p>\n<p> </p>\n<p><span style=\"color: #0a2748; font-size: 24px;\"><em>“  The disk at the bottom of the bowl can be turned counterclockwise to drain water when washing vegetables and it can be turned.  ” </em></span></p>\n<p> </p>\n<p>Large tiles were arranged on the counter top plate near the window of the living room, they were connected to the kitchen counter through the opening in the existing building wall. For me, the most important part of improving at photography has been sharing it. Sign up for an Exposure account, or post regularly to Tumblr, or both. Tell people you’re trying to get better at photography.</p>\n<p> </p>\n<div class=\"custom_html\">\n<div class=\"row row-5\">\n<div class=\"col-xs-12 col-sm-12 col-lg-6 padding-0-5 img\"><a href=\"#\"> <img src=\"https://cdn.shopify.com/s/files/1/0593/9488/3760/files/2.jpg?v=1630120018\" alt=\"\" style=\"float: none;\"> </a></div>\n<div class=\"col-xs-12 col-sm-12 padding-0-5 col-lg-6 img\"><a href=\"#\"> <img src=\"https://cdn.shopify.com/s/files/1/0593/9488/3760/files/1.jpg?v=1630119956\" alt=\"\" style=\"float: none;\"> </a></div>\n</div>\n</div>\n<div class=\"custom_html\">\n<div class=\"img\"><a href=\"#\"> <img src=\"https://cdn.shopify.com/s/files/1/0593/9488/3760/files/3.jpg?v=1630120042\" alt=\"\" style=\"float: none;\"> </a></div>\n</div>\n<p> </p>\n<p>For me, the most important part of improving at photography has been sharing it. Sign up for an Exposure account, or post regularly to Tumblr, or both. Tell people you’re trying to get better at photography. Talk about it. When you talk about it, other people get excited about it. They’ll come on photo walks with you.</p>\n<p> </p>\n<p>Staying locked up in four walls have restricted our thinking. I feel like our limited thinking echoes through this wall. We are so used to schedules and predictable life that we have successfully suppressed our creative side. When you step out of these four walls on a peaceful morning, you realize how much nature has to offer to you. Its boundless. Your thoughts, worries, deadlines won’t resonate here.</p>","blog_id":81973608624,"author":"Alex Nguyen","user_id":76455706800,"published_at":"2021-08-28T13:45:57+07:00","updated_at":"2021-12-10T15:00:22+07:00","summary_html":"","template_suffix":"","handle":"transition-your-favorite-looks-into-fall-3","tags":"Best, Kitchen, Lookbook, Minimal, Outdoor, Sofa, Stylish, Summer","admin_graphql_api_id":"gid://shopify/OnlineStoreArticle/563849953456","image":{"created_at":"2021-08-28T13:45:57+07:00","alt":"","width":1170,"height":789,"src":"https://cdn.shopify.com/s/files/1/0593/9488/3760/articles/12.jpg?v=1630133158"}},{"id":563849527472,"title":"Perfect Quality Reasonable Price for Your","created_at":"2021-08-28T13:33:39+07:00","body_html":"<p>It is accompanied by a case that can contain up to three different diffusers and can be used for dry storage of loose tea. The perfect way to enjoy brewing tea on low hanging fruit to identify. Lighting is a minimal residence located in Tokyo, Japan, designed by Gosto. </p>\n<p> </p>\n<p>Large tiles were arranged on the counter top plate near the window of the living room, they were connected to the kitchen counter through the opening in the existing building wall. For me, the most important part of improving at photography has been sharing it. Sign up for an Exposure account, or post regularly to Tumblr, or both. Tell people you’re trying to get better at photography.</p>\n<p> </p>\n<p><span style=\"color: #0a2748; font-size: 24px;\"><em>“  The disk at the bottom of the bowl can be turned counterclockwise to drain water when washing vegetables and it can be turned.  ” </em></span></p>\n<p> </p>\n<p>Large tiles were arranged on the counter top plate near the window of the living room, they were connected to the kitchen counter through the opening in the existing building wall. For me, the most important part of improving at photography has been sharing it. Sign up for an Exposure account, or post regularly to Tumblr, or both. Tell people you’re trying to get better at photography.</p>\n<p> </p>\n<div class=\"custom_html\">\n<div class=\"row row-5\">\n<div class=\"col-xs-12 col-sm-12 col-lg-6 padding-0-5 img\"><a href=\"#\"> <img src=\"https://cdn.shopify.com/s/files/1/0593/9488/3760/files/2.jpg?v=1630120018\" alt=\"\" style=\"float: none;\"> </a></div>\n<div class=\"col-xs-12 col-sm-12 padding-0-5 col-lg-6 img\"><a href=\"#\"> <img src=\"https://cdn.shopify.com/s/files/1/0593/9488/3760/files/1.jpg?v=1630119956\" alt=\"\" style=\"float: none;\"> </a></div>\n</div>\n</div>\n<div class=\"custom_html\">\n<div class=\"img\"><a href=\"#\"> <img src=\"https://cdn.shopify.com/s/files/1/0593/9488/3760/files/3.jpg?v=1630120042\" alt=\"\" style=\"float: none;\"> </a></div>\n</div>\n<p> </p>\n<p>For me, the most important part of improving at photography has been sharing it. Sign up for an Exposure account, or post regularly to Tumblr, or both. Tell people you’re trying to get better at photography. Talk about it. When you talk about it, other people get excited about it. They’ll come on photo walks with you.</p>\n<p> </p>\n<p>Staying locked up in four walls have restricted our thinking. I feel like our limited thinking echoes through this wall. We are so used to schedules and predictable life that we have successfully suppressed our creative side. When you step out of these four walls on a peaceful morning, you realize how much nature has to offer to you. Its boundless. Your thoughts, worries, deadlines won’t resonate here.</p>","blog_id":81973608624,"author":"Alex Nguyen","user_id":76455706800,"published_at":"2021-08-28T13:33:39+07:00","updated_at":"2021-12-10T15:00:54+07:00","summary_html":"","template_suffix":"","handle":"perfect-quality-reasonable-price-for-your","tags":"Best, Kitchen, Lookbook, Minimal, Outdoor, Sofa, Stylish, Summer","admin_graphql_api_id":"gid://shopify/OnlineStoreArticle/563849527472","image":{"created_at":"2021-08-28T13:33:39+07:00","alt":"","width":1170,"height":789,"src":"https://cdn.shopify.com/s/files/1/0593/9488/3760/articles/3.jpg?v=1630132420"}},{"id":563848577200,"title":"Transition Your Favorite Looks into Fall","created_at":"2021-08-28T10:53:26+07:00","body_html":"<p>It is accompanied by a case that can contain up to three different diffusers and can be used for dry storage of loose tea. The perfect way to enjoy brewing tea on low hanging fruit to identify. Lighting is a minimal residence located in Tokyo, Japan, designed by Gosto. </p>\n<p> </p>\n<p>Large tiles were arranged on the counter top plate near the window of the living room, they were connected to the kitchen counter through the opening in the existing building wall. For me, the most important part of improving at photography has been sharing it. Sign up for an Exposure account, or post regularly to Tumblr, or both. Tell people you’re trying to get better at photography.</p>\n<p> </p>\n<p><span style=\"color: #0a2748; font-size: 24px;\"><em>“  The disk at the bottom of the bowl can be turned counterclockwise to drain water when washing vegetables and it can be turned.  ” </em></span></p>\n<p> </p>\n<p>Large tiles were arranged on the counter top plate near the window of the living room, they were connected to the kitchen counter through the opening in the existing building wall. For me, the most important part of improving at photography has been sharing it. Sign up for an Exposure account, or post regularly to Tumblr, or both. Tell people you’re trying to get better at photography.</p>\n<p> </p>\n<div class=\"custom_html\">\n<div class=\"row row-5\">\n<div class=\"col-xs-12 col-sm-12 col-lg-6 padding-0-5 img\"><a href=\"#\"> <img src=\"https://cdn.shopify.com/s/files/1/0593/9488/3760/files/2.jpg?v=1630120018\" alt=\"\" style=\"float: none;\"> </a></div>\n<div class=\"col-xs-12 col-sm-12 padding-0-5 col-lg-6 img\"><a href=\"#\"> <img src=\"https://cdn.shopify.com/s/files/1/0593/9488/3760/files/1.jpg?v=1630119956\" alt=\"\" style=\"float: none;\"> </a></div>\n</div>\n</div>\n<div class=\"custom_html\">\n<div class=\"img\"><a href=\"#\"> <img src=\"https://cdn.shopify.com/s/files/1/0593/9488/3760/files/3.jpg?v=1630120042\" alt=\"\" style=\"float: none;\"> </a></div>\n</div>\n<p> </p>\n<p>For me, the most important part of improving at photography has been sharing it. Sign up for an Exposure account, or post regularly to Tumblr, or both. Tell people you’re trying to get better at photography. Talk about it. When you talk about it, other people get excited about it. They’ll come on photo walks with you.</p>\n<p> </p>\n<p>Staying locked up in four walls have restricted our thinking. I feel like our limited thinking echoes through this wall. We are so used to schedules and predictable life that we have successfully suppressed our creative side. When you step out of these four walls on a peaceful morning, you realize how much nature has to offer to you. Its boundless. Your thoughts, worries, deadlines won’t resonate here.</p>","blog_id":81973608624,"author":"Alex Nguyen","user_id":76455706800,"published_at":"2021-08-28T10:53:26+07:00","updated_at":"2021-12-10T15:01:19+07:00","summary_html":"","template_suffix":"","handle":"transition-your-favorite-looks-into-fall","tags":"Best, Kitchen, Lookbook, Minimal, Outdoor, Sofa, Stylish, Summer","admin_graphql_api_id":"gid://shopify/OnlineStoreArticle/563848577200","image":{"created_at":"2021-08-28T10:53:26+07:00","alt":"","width":1170,"height":789,"src":"https://cdn.shopify.com/s/files/1/0593/9488/3760/articles/2.jpg?v=1630122807"}},{"id":563847954608,"title":"Quality Product Never Goes Out of Style","created_at":"2021-08-28T10:14:31+07:00","body_html":"<p>It is accompanied by a case that can contain up to three different diffusers and can be used for dry storage of loose tea. The perfect way to enjoy brewing tea on low hanging fruit to identify. Lighting is a minimal residence located in Tokyo, Japan, designed by Gosto. </p>\n<p> </p>\n<p>Large tiles were arranged on the counter top plate near the window of the living room, they were connected to the kitchen counter through the opening in the existing building wall. For me, the most important part of improving at photography has been sharing it. Sign up for an Exposure account, or post regularly to Tumblr, or both. Tell people you’re trying to get better at photography.</p>\n<p> </p>\n<p><span style=\"color: #0a2748; font-size: 24px;\"><em>“  The disk at the bottom of the bowl can be turned counterclockwise to drain water when washing vegetables and it can be turned.  ” </em></span></p>\n<p> </p>\n<p>Large tiles were arranged on the counter top plate near the window of the living room, they were connected to the kitchen counter through the opening in the existing building wall. For me, the most important part of improving at photography has been sharing it. Sign up for an Exposure account, or post regularly to Tumblr, or both. Tell people you’re trying to get better at photography.</p>\n<p> </p>\n<div class=\"custom_html\">\n<div class=\"row row-5\">\n<div class=\"col-xs-12 col-sm-12 col-lg-6 padding-0-5 img\"><a href=\"#\"> <img src=\"https://cdn.shopify.com/s/files/1/0593/9488/3760/files/2.jpg?v=1630120018\" alt=\"\" style=\"float: none;\"> </a></div>\n<div class=\"col-xs-12 col-sm-12 padding-0-5 col-lg-6 img\"><a href=\"#\"> <img src=\"https://cdn.shopify.com/s/files/1/0593/9488/3760/files/1.jpg?v=1630119956\" alt=\"\" style=\"float: none;\"> </a></div>\n</div>\n</div>\n<div class=\"custom_html\">\n<div class=\"img\"><a href=\"#\"> <img src=\"https://cdn.shopify.com/s/files/1/0593/9488/3760/files/3.jpg?v=1630120042\" alt=\"\" style=\"float: none;\"> </a></div>\n</div>\n<p> </p>\n<p>For me, the most important part of improving at photography has been sharing it. Sign up for an Exposure account, or post regularly to Tumblr, or both. Tell people you’re trying to get better at photography. Talk about it. When you talk about it, other people get excited about it. They’ll come on photo walks with you.</p>\n<p> </p>\n<p>Staying locked up in four walls have restricted our thinking. I feel like our limited thinking echoes through this wall. We are so used to schedules and predictable life that we have successfully suppressed our creative side. When you step out of these four walls on a peaceful morning, you realize how much nature has to offer to you. Its boundless. Your thoughts, worries, deadlines won’t resonate here.</p>","blog_id":81973608624,"author":"Trinh Quang","user_id":76399837360,"published_at":"2021-08-28T10:14:31+07:00","updated_at":"2021-10-06T10:56:21+07:00","summary_html":"","template_suffix":"","handle":"quality-product-never-goes-out-of-style","tags":"Minimal, Sofa, Stylish, Summer","admin_graphql_api_id":"gid://shopify/OnlineStoreArticle/563847954608","image":{"created_at":"2021-08-28T10:14:31+07:00","alt":"","width":1170,"height":789,"src":"https://cdn.shopify.com/s/files/1/0593/9488/3760/articles/1.jpg?v=1630120472"}}]}