{"blogs":[{"id":82931515568,"handle":"grocery","title":"Grocery","updated_at":"2021-12-21T15:44:02+07:00","commentable":"moderate","feedburner":null,"feedburner_location":null,"created_at":"2021-12-21T15:23:55+07:00","template_suffix":"","tags":"Kitchen, Lookbook, Minimal, Outdoor, Sofa, Stylish, Summer, Best","admin_graphql_api_id":"gid://shopify/OnlineStoreBlog/82931515568"},{"id":81973706928,"handle":"lifestyle","title":"Lifestyle","updated_at":"2021-10-06T10:54:55+07:00","commentable":"no","feedburner":null,"feedburner_location":null,"created_at":"2021-08-28T10:27:58+07:00","template_suffix":"","tags":"Best, Kitchen, Lookbook, Minimal, Outdoor, Sofa, Stylish, Summer","admin_graphql_api_id":"gid://shopify/OnlineStoreBlog/81973706928"},{"id":81973838000,"handle":"travel-1","title":"Music","updated_at":"2021-10-06T10:55:17+07:00","commentable":"no","feedburner":"","feedburner_location":null,"created_at":"2021-08-28T10:30:50+07:00","template_suffix":"","tags":"Best, Kitchen, Lookbook, Minimal, Outdoor","admin_graphql_api_id":"gid://shopify/OnlineStoreBlog/81973838000"},{"id":81755439280,"handle":"news","title":"News","updated_at":"2021-12-10T14:59:22+07:00","commentable":"no","feedburner":null,"feedburner_location":null,"created_at":"2021-08-19T20:53:29+07:00","template_suffix":null,"tags":"","admin_graphql_api_id":"gid://shopify/OnlineStoreBlog/81755439280"},{"id":81973739696,"handle":"photography","title":"Photography","updated_at":"2021-12-10T15:00:42+07:00","commentable":"no","feedburner":null,"feedburner_location":null,"created_at":"2021-08-28T10:28:23+07:00","template_suffix":"","tags":"Lookbook, Minimal, Outdoor, Sofa, Stylish, Summer","admin_graphql_api_id":"gid://shopify/OnlineStoreBlog/81973739696"},{"id":81973608624,"handle":"shopping","title":"Shopping","updated_at":"2021-12-10T15:02:30+07:00","commentable":"no","feedburner":null,"feedburner_location":null,"created_at":"2021-08-28T10:15:21+07:00","template_suffix":"","tags":"Minimal, Sofa, Stylish, Summer, Best, Kitchen, Lookbook, Outdoor","admin_graphql_api_id":"gid://shopify/OnlineStoreBlog/81973608624"},{"id":82664063152,"handle":"sports","title":"Sports","updated_at":"2021-12-10T15:01:33+07:00","commentable":"no","feedburner":null,"feedburner_location":null,"created_at":"2021-11-16T10:45:49+07:00","template_suffix":"","tags":"Best, Kitchen, Lookbook, Minimal, Outdoor, Sofa, Stylish, Summer","admin_graphql_api_id":"gid://shopify/OnlineStoreBlog/82664063152"},{"id":81973772464,"handle":"travel","title":"Travel","updated_at":"2021-12-10T15:01:04+07:00","commentable":"no","feedburner":null,"feedburner_location":null,"created_at":"2021-08-28T10:29:57+07:00","template_suffix":"","tags":"Best, Minimal, Outdoor, Sofa, Stylish, Summer","admin_graphql_api_id":"gid://shopify/OnlineStoreBlog/81973772464"},{"id":81973805232,"handle":"uncategorized","title":"Uncategorized","updated_at":"2021-10-06T10:55:42+07:00","commentable":"no","feedburner":null,"feedburner_location":null,"created_at":"2021-08-28T10:30:31+07:00","template_suffix":"","tags":"Lookbook, Minimal, Outdoor, Sofa, Stylish, Summer","admin_graphql_api_id":"gid://shopify/OnlineStoreBlog/81973805232"}]}