{"sections":{"breadcrumb":{"type":"breadcrumb","settings":{"bg":"#ffffff","b_color":"#ebebeb","b_height":70,"mg_bottom":0,"mobile_bg":"#fff","mobile_ht":50,"mobile_mg_bottom":0,"show_n_p":true}},"banner":{"type":"main-collection-banner","settings":{"show_full_width":false,"show_collection_description":true,"show_collection_image":false}},"product-grid":{"type":"main-collection-product-grid","settings":{"products_per_page":12,"show_full_width":false,"grid_select":"4","enable_filtering":true,"enable_sorting":true,"collapse_on_larger_devices":false}}},"order":["breadcrumb","banner","product-grid"]}