{"pages":[{"id":83801538736,"title":"About us","shop_id":59394883760,"handle":"about-us","body_html":"","author":null,"created_at":"2021-08-27T21:44:52+07:00","updated_at":"2021-09-01T22:41:31+07:00","published_at":"2021-08-27T21:44:52+07:00","template_suffix":"about-us","admin_graphql_api_id":"gid://shopify/OnlineStorePage/83801538736"},{"id":83602014384,"title":"Contact","shop_id":59394883760,"handle":"contact","body_html":null,"author":null,"created_at":"2021-08-19T21:02:11+07:00","updated_at":"2021-08-19T21:02:11+07:00","published_at":"2021-08-19T21:02:11+07:00","template_suffix":"contact","admin_graphql_api_id":"gid://shopify/OnlineStorePage/83602014384"},{"id":83909443760,"title":"Faqs","shop_id":59394883760,"handle":"faqs","body_html":"","author":null,"created_at":"2021-09-01T09:21:04+07:00","updated_at":"2021-09-01T09:21:04+07:00","published_at":"2021-09-01T09:21:04+07:00","template_suffix":"FAQs","admin_graphql_api_id":"gid://shopify/OnlineStorePage/83909443760"},{"id":84521517232,"title":"Our team","shop_id":59394883760,"handle":"our-team","body_html":"","author":null,"created_at":"2021-09-24T16:43:25+07:00","updated_at":"2021-09-24T16:43:25+07:00","published_at":"2021-09-24T16:43:25+07:00","template_suffix":"our-team","admin_graphql_api_id":"gid://shopify/OnlineStorePage/84521517232"},{"id":84765311152,"title":"Privacy Policy","shop_id":59394883760,"handle":"privacy-policy","body_html":"<h2>What is Lorem Ipsum?</h2>\n<p> </p>\n<p><strong>Lorem Ipsum</strong><span> </span>is simply dummy text of the printing and typesetting industry. Lorem Ipsum has been the industry's standard dummy text ever since the 1500s, when an unknown printer took a galley of type and scrambled it to make a type specimen book. It has survived not only five centuries, but also the leap into electronic typesetting, remaining essentially unchanged. It was popularised in the 1960s with the release of Letraset sheets containing Lorem Ipsum passages, and more recently with desktop publishing software like Aldus PageMaker including versions of Lorem Ipsum.</p>\n<p> </p>\n<h2>Where does it come from?</h2>\n<p> </p>\n<p>Contrary to popular belief, Lorem Ipsum is not simply random text. It has roots in a piece of classical Latin literature from 45 BC, making it over 2000 years old. Richard McClintock, a Latin professor at Hampden-Sydney College in Virginia, looked up one of the more obscure Latin words, consectetur, from a Lorem Ipsum passage, and going through the cites of the word in classical literature, discovered the undoubtable source. Lorem Ipsum comes from sections 1.10.32 and 1.10.33 of \"de Finibus Bonorum et Malorum\" (The Extremes of Good and Evil) by Cicero, written in 45 BC. This book is a treatise on the theory of ethics, very popular during the Renaissance. The first line of Lorem Ipsum, \"Lorem ipsum dolor sit amet..\", comes from a line in section 1.10.32.</p>\n<p>The standard chunk of Lorem Ipsum used since the 1500s is reproduced below for those interested. Sections 1.10.32 and 1.10.33 from \"de Finibus Bonorum et Malorum\" by Cicero are also reproduced in their exact original form, accompanied by English versions from the 1914 translation by H. Rackham.</p>\n<p> </p>\n<p> </p>\n<p> </p>\n<p> </p>","author":null,"created_at":"2021-10-07T14:17:02+07:00","updated_at":"2021-10-07T14:42:31+07:00","published_at":"2021-10-07T14:17:02+07:00","template_suffix":"","admin_graphql_api_id":"gid://shopify/OnlineStorePage/84765311152"},{"id":83909476528,"title":"Servies","shop_id":59394883760,"handle":"servies","body_html":"","author":null,"created_at":"2021-09-01T09:21:56+07:00","updated_at":"2021-09-01T09:21:56+07:00","published_at":"2021-09-01T09:21:56+07:00","template_suffix":"services","admin_graphql_api_id":"gid://shopify/OnlineStorePage/83909476528"},{"id":84765212848,"title":"Size Guide","shop_id":59394883760,"handle":"size-guide","body_html":"<h4 class=\"text-center\">Women’s apparel sizing</h4>\n<div class=\"table-wrap\">\n<table class=\"table-size-guide responsive-table table-center\">\n<tbody>\n<tr>\n<th>INTERNATIONAL</th>\n<th>XS</th>\n<th>S</th>\n<th>M</th>\n<th>L</th>\n<th>XL</th>\n<th>XXL</th>\n<th>XXXL</th>\n</tr>\n<tr>\n<td>EUROPE</td>\n<td>32</td>\n<td>34</td>\n<td>36</td>\n<td>38</td>\n<td>40</td>\n<td>42</td>\n<td>44</td>\n</tr>\n<tr>\n<td>US</td>\n<td>0</td>\n<td>2</td>\n<td>4</td>\n<td>6</td>\n<td>8</td>\n<td>10</td>\n<td>12</td>\n</tr>\n<tr>\n<td>CHEST FIT (INCHES)</td>\n<td>28\"</td>\n<td>30\"</td>\n<td>32\"</td>\n<td>34\"</td>\n<td>36\"</td>\n<td>38\"</td>\n<td>40\"</td>\n</tr>\n<tr>\n<td>CHEST FIT (CM)</td>\n<td>716</td>\n<td>76</td>\n<td>81</td>\n<td>86</td>\n<td>91.5</td>\n<td>96.5</td>\n<td>101.1</td>\n</tr>\n<tr>\n<td>WAIST FIR (INCHES)</td>\n<td>21\"</td>\n<td>23\"</td>\n<td>25\"</td>\n<td>27\"</td>\n<td>29\"</td>\n<td>31\"</td>\n<td>33\"</td>\n</tr>\n<tr>\n<td>WAIST FIR (CM)</td>\n<td>53.5</td>\n<td>58.5</td>\n<td>63.5</td>\n<td>68.5</td>\n<td>74</td>\n<td>79</td>\n<td>84</td>\n</tr>\n<tr>\n<td>HIPS FIR (INCHES)</td>\n<td>33\"</td>\n<td>34\"</td>\n<td>36\"</td>\n<td>38\"</td>\n<td>40\"</td>\n<td>42\"</td>\n<td>44\"</td>\n</tr>\n<tr>\n<td>HIPS FIR (CM)</td>\n<td>81.5</td>\n<td>86.5</td>\n<td>91.5</td>\n<td>96.5</td>\n<td>101</td>\n<td>106.5</td>\n<td>111.5</td>\n</tr>\n<tr>\n<td>SKORT LENGTHS (SM)</td>\n<td>36.5</td>\n<td>38</td>\n<td>39.5</td>\n<td>41</td>\n<td>42.5</td>\n<td>44</td>\n<td>45.5</td>\n</tr>\n</tbody>\n</table>\n</div>\n<h4 class=\"mb-15 text-center\">Men’s apparel sizing</h4>\n<div class=\"table-wrap\">\n<table class=\"table-size-guide responsive-table table-center\">\n<tbody>\n<tr>\n<th>INTERNATIONAL</th>\n<th>XS</th>\n<th>S</th>\n<th>M</th>\n<th>L</th>\n<th>XL</th>\n<th>XXL</th>\n<th>XXXL</th>\n</tr>\n<tr>\n<td>EUROPE</td>\n<td>32</td>\n<td>34</td>\n<td>36</td>\n<td>38</td>\n<td>40</td>\n<td>42</td>\n<td>44</td>\n</tr>\n<tr>\n<td>US</td>\n<td>0</td>\n<td>2</td>\n<td>4</td>\n<td>6</td>\n<td>8</td>\n<td>10</td>\n<td>12</td>\n</tr>\n<tr>\n<td>CHEST FIT (INCHES)</td>\n<td>33-35\"</td>\n<td>36-38\"</td>\n<td>39-41\"</td>\n<td>42-44\"</td>\n<td>45-47\"</td>\n<td>48-50\"</td>\n<td>51-53\"</td>\n</tr>\n<tr>\n<td>CHEST FIT (CM)</td>\n<td>84-89</td>\n<td>91-97</td>\n<td>88-104</td>\n<td>107-112</td>\n<td>114-119</td>\n<td>122-127</td>\n<td>129-134</td>\n</tr>\n<tr>\n<td>WAIST FIR (INCHES)</td>\n<td>28\"</td>\n<td>30\"</td>\n<td>32\"</td>\n<td>34\"</td>\n<td>36\"</td>\n<td>38\"</td>\n<td>40\"</td>\n</tr>\n<tr>\n<td>WAIST FIR (CM)</td>\n<td>71</td>\n<td>76</td>\n<td>81</td>\n<td>86</td>\n<td>91.5</td>\n<td>96.5</td>\n<td>101.5</td>\n</tr>\n<tr>\n<td>SKORT LENGTHS (SM)</td>\n<td>76</td>\n<td>77.5</td>\n<td>79</td>\n<td>81</td>\n<td>82.5</td>\n<td>84</td>\n<td>85.5</td>\n</tr>\n</tbody>\n</table>\n</div>","author":null,"created_at":"2021-10-07T13:51:50+07:00","updated_at":"2021-10-07T13:51:50+07:00","published_at":"2021-10-07T13:51:50+07:00","template_suffix":"","admin_graphql_api_id":"gid://shopify/OnlineStorePage/84765212848"},{"id":84765245616,"title":"Terms and Conditions","shop_id":59394883760,"handle":"terms-and-conditions","body_html":"<h2>What is Lorem Ipsum?</h2>\n<p> </p>\n<p><strong>Lorem Ipsum</strong><span> </span>is simply dummy text of the printing and typesetting industry. Lorem Ipsum has been the industry's standard dummy text ever since the 1500s, when an unknown printer took a galley of type and scrambled it to make a type specimen book. It has survived not only five centuries, but also the leap into electronic typesetting, remaining essentially unchanged. It was popularised in the 1960s with the release of Letraset sheets containing Lorem Ipsum passages, and more recently with desktop publishing software like Aldus PageMaker including versions of Lorem Ipsum.</p>\n<p> </p>\n<h2>Where does it come from?</h2>\n<p> </p>\n<p>Contrary to popular belief, Lorem Ipsum is not simply random text. It has roots in a piece of classical Latin literature from 45 BC, making it over 2000 years old. Richard McClintock, a Latin professor at Hampden-Sydney College in Virginia, looked up one of the more obscure Latin words, consectetur, from a Lorem Ipsum passage, and going through the cites of the word in classical literature, discovered the undoubtable source. Lorem Ipsum comes from sections 1.10.32 and 1.10.33 of \"de Finibus Bonorum et Malorum\" (The Extremes of Good and Evil) by Cicero, written in 45 BC. This book is a treatise on the theory of ethics, very popular during the Renaissance. The first line of Lorem Ipsum, \"Lorem ipsum dolor sit amet..\", comes from a line in section 1.10.32.</p>\n<p>The standard chunk of Lorem Ipsum used since the 1500s is reproduced below for those interested. Sections 1.10.32 and 1.10.33 from \"de Finibus Bonorum et Malorum\" by Cicero are also reproduced in their exact original form, accompanied by English versions from the 1914 translation by H. Rackham.</p>\n<p> </p>\n<p> </p>\n<p> </p>\n<p> </p>","author":null,"created_at":"2021-10-07T13:52:19+07:00","updated_at":"2021-10-07T14:42:45+07:00","published_at":"2021-10-07T13:52:19+07:00","template_suffix":"","admin_graphql_api_id":"gid://shopify/OnlineStorePage/84765245616"}]}