{"sections":{"breadcrumb":{"type":"breadcrumb","settings":{"bg_breadcrumb_blog":"shopify:\/\/shop_images\/breadcrumb-cart_394f2656-9a1a-4c59-a12d-029b4f75c034.jpg","bg":"#ffffff","b_color":"rgba(0,0,0,0)","b_height":350,"mg_bottom":0,"mobile_bg":"rgba(0,0,0,0)","mobile_ht":200,"mobile_mg_bottom":0,"show_n_p":true,"show_title":true}},"main":{"type":"content-contact","blocks":{"71fcdf1e-eb1a-404e-bc59-3ce2913b5968":{"type":"Contact","settings":{"title":"","cl_bg":"#f2f2f2","image":"shopify:\/\/shop_images\/8.jpg","address":"Add: 1234 Heaven Stress, Beverly Hill, Melbourne, USA.<br>Fax: (+100) 123 456 789<br>Monday – Friday: 9:00-20:00 <br>Email: Contact@erentheme.com","work_time":"","phone":"(+100) 666-456-7890","email":"Dukamarket@google.com"}}},"block_order":["71fcdf1e-eb1a-404e-bc59-3ce2913b5968"],"settings":{"left_title_block":"","right_title_block":"Get in touch","use_contact_map":true,"map_iframe":"<iframe width=\"2520\" height=\"450\" style=\"border:1px solid #e8e8e8;\" src=\"https:\/\/www.google.com\/maps\/embed\/v1\/search?q=1200+Beverly+Street,+Mountain+View,+CA,+United+States&key=AIzaSyCeVrTUW_JTL2UKUT0-85wiwusOJZ48yMM\" allowfullscreen=\"\"><\/iframe>","mg_bottom":0}}},"order":["breadcrumb","main"]}