{"sections":{"breadcrumb":{"type":"breadcrumb_blog","settings":{"bg":"#ffffff","b_color":"#ebebeb","b_height":70,"mg_bottom":0,"mobile_bg":"#ffffff","mobile_ht":50,"mobile_mg_bottom":0}},"content-article":{"type":"content-article","blocks":{"14c4060b-1707-4ab8-ba07-2daffd2cdec6":{"type":"search","settings":{"title":"Search blog","place_holder_search_sidebar":"Search blog","icon_search":"<i class=\"icon-search\"><\/i>"}},"25fd60b8-f007-4cdd-8333-232163c1c536":{"type":"social","settings":{"title":"social"}},"e0bd7cc0-52d0-4877-8c24-d9674340ec2a":{"type":"category","settings":{"title_category_sidebar":"Categories","pagination_limit_category":"6"}},"5831c7ba-7187-4524-9a45-2c540047e3a5":{"type":"latestpost","settings":{"title":"Latest post","blog":"shopping","limit_blog_latest":"5"}},"491ed030-01b2-405e-b93a-ee15d56a6ee1":{"type":"tags","settings":{"title":"Tags Cloud","limit_tags":"6"}}},"block_order":["14c4060b-1707-4ab8-ba07-2daffd2cdec6","25fd60b8-f007-4cdd-8333-232163c1c536","e0bd7cc0-52d0-4877-8c24-d9674340ec2a","5831c7ba-7187-4524-9a45-2c540047e3a5","491ed030-01b2-405e-b93a-ee15d56a6ee1"],"settings":{"title_show_sidebar":"Show Sidebar","comment_use_chk":true,"show_tags":true,"limit_tags":"4","show_social":true,"layout_blog":"3","mg_bottom":100,"mobile_mg_bottom":50}}},"order":["breadcrumb","content-article"]}