{"sections":{"1636185893296a5405":{"type":"banner-full-width","blocks":{"1636185893296a5405-0":{"type":"banner_img","settings":{"image_sl":"shopify:\/\/shop_images\/our-team.jpg","col":"12","ipad_col":"12","link_img":"","open_link":"_blank","h_position":"center","v_position":"middle","txt_align":"center","mg_bottom":0}},"640b336f-397e-4c95-a1f9-e45e233ea8de":{"type":"subhd","settings":{"title":"Perfect Target","color":"#ffffff","fw_text":400,"fs_text":18,"lh_text":0,"ls_text":0,"text_transform":"none","mg_bottom":30,"hide":false,"mobile_font_text":14,"mobile_mg_bottom":15}},"a7184b49-7d2d-4a43-9731-333f1757ef03":{"type":"hd","settings":{"title":"Our Team","color":"#ffffff","fw_text":400,"fs_text":80,"lh_text":0,"ls_text":0,"text_transform":"none","mg_bottom":30,"hide":false,"mobile_font_text":40,"mobile_mg_bottom":15}},"dc7fec51-dbf8-4d7d-9f30-3a4d9e319aa8":{"type":"txt","settings":{"title":"Staying locked up in four walls have restricted our thinking. We are so used to schedules <br>\nand predictable life that we have successfully suppressed our creative side.","color":"#ffffff","fw_text":400,"fs_text":18,"lh_text":0,"ls_text":0,"mg_bottom":50,"hide":false,"mobile_font_text":14,"mobile_mg_bottom":25}},"96331a5b-50ef-4518-be98-148e01904abd":{"type":"btn","settings":{"title":"Let’s Talk","btn_link":"","open_link":"_blank","cl_txt":"#222222","cl_txt_hover":"#222222","cl_bg":"#ffffff","cl_bg_hover":"#ffffff","cl_border":"#ffffff","cl_border_hover":"#ffffff","fs_text":12,"fw_text":600,"button_transform":"uppercase","br_button":"2px 2px","mg":"0px 0px 0px 0px","pd":"12px 50px 12px 50px","icon_button":"","ls_text":0,"mobile_font_text":14,"mobile_mg_bottom":0,"mobile_mg":"0px 0px 0px 0px","mobile_pd":"10px 25px 10px 25px"}},"f7908a86-081a-48d0-bb06-a87b152760a2":{"type":"btn","settings":{"title":"Explore now","btn_link":"#","open_link":"_blank","cl_txt":"#ffffff","cl_txt_hover":"#222222","cl_bg":"rgba(0,0,0,0)","cl_bg_hover":"#ffffff","cl_border":"#ffffff","cl_border_hover":"#ffffff","fs_text":12,"fw_text":600,"button_transform":"uppercase","br_button":"2px 2px","mg":"0px 0px 0px 0px","pd":"11px 40px 11px 40px","icon_button":"","ls_text":0,"mobile_font_text":14,"mobile_mg_bottom":0,"mobile_mg":"0px 0px 0px 0px","mobile_pd":"10px 25px 10px 25px"}}},"block_order":["1636185893296a5405-0","640b336f-397e-4c95-a1f9-e45e233ea8de","a7184b49-7d2d-4a43-9731-333f1757ef03","dc7fec51-dbf8-4d7d-9f30-3a4d9e319aa8","96331a5b-50ef-4518-be98-148e01904abd","f7908a86-081a-48d0-bb06-a87b152760a2"],"settings":{"hidden":false,"no_flex":false,"layout":"full-width","pd_c_top":0,"pd_c_right":15,"pd_c_bottom":0,"pd_c_left":15,"mg_top":0,"mg_bottom":0,"mobile_mg_top":0,"mobile_mg_bottom":0}},"16363041676fc29af0":{"type":"text-column-with-image3","blocks":{"16363041676fc29af0-0":{"type":"text_block","settings":{"enable_image":true,"image":"shopify:\/\/shop_images\/our-team1.jpg","title":"Alexandra Miller","sub_title":"Founder\/CEO","text":"<p>Sed ut perspiciatis unde omnis iste<br\/>natus error sitaccusantium doloremque laudan<br\/>totam rem aperiam.<\/p>","footer_social_facebook_enable":true,"footer_social_facebook_link":"#","footer_social_twitter_enable":true,"footer_social_twitter_link":"#","footer_social_instargram_enable":true,"footer_social_instargram_link":"#","footer_social_dribbble_enable":true,"footer_social_dribbble_link":"#"}},"16363041676fc29af0-1":{"type":"text_block","settings":{"enable_image":true,"image":"shopify:\/\/shop_images\/our-team2.jpg","title":"Michael Anthony","sub_title":"Founder\/CEO","text":"<p>Sed ut perspiciatis unde omnis iste<br\/>natus error sitaccusantium doloremque laudan<br\/>totam rem aperiam.<\/p>","footer_social_facebook_enable":true,"footer_social_facebook_link":"#","footer_social_twitter_enable":true,"footer_social_twitter_link":"#","footer_social_instargram_enable":true,"footer_social_instargram_link":"#","footer_social_dribbble_enable":true,"footer_social_dribbble_link":"#"}},"16363041676fc29af0-2":{"type":"text_block","settings":{"enable_image":true,"image":"shopify:\/\/shop_images\/our-team3.jpg","title":"Alice Shirina","sub_title":"Founder\/CEO","text":"<p>Sed ut perspiciatis unde omnis iste<br\/>natus error sitaccusantium doloremque laudan<br\/>totam rem aperiam.<\/p>","footer_social_facebook_enable":true,"footer_social_facebook_link":"","footer_social_twitter_enable":true,"footer_social_twitter_link":"","footer_social_instargram_enable":true,"footer_social_instargram_link":"","footer_social_dribbble_enable":true,"footer_social_dribbble_link":""}},"fbaf1eb9-55c3-46fd-82b4-d47dad0d5cc9":{"type":"text_block","settings":{"enable_image":true,"image":"shopify:\/\/shop_images\/our-team4.jpg","title":"Frank Angel","sub_title":"Founder\/CEO","text":"<p>Sed ut perspiciatis unde omnis iste<br\/>natus error sitaccusantium doloremque laudan<br\/>totam rem aperiam.<\/p>","footer_social_facebook_enable":true,"footer_social_facebook_link":"#","footer_social_twitter_enable":true,"footer_social_twitter_link":"#","footer_social_instargram_enable":true,"footer_social_instargram_link":"#","footer_social_dribbble_enable":true,"footer_social_dribbble_link":"#"}},"33f6927e-64ce-41ad-8815-e415a509ef1b":{"type":"text_block","settings":{"enable_image":true,"image":"shopify:\/\/shop_images\/our-team5.jpg","title":"George Ophelia","sub_title":"Founder\/CEO","text":"<p>Sed ut perspiciatis unde omnis iste<br\/>natus error sitaccusantium doloremque laudan<br\/>totam rem aperiam.<\/p>","footer_social_facebook_enable":true,"footer_social_facebook_link":"#","footer_social_twitter_enable":true,"footer_social_twitter_link":"#","footer_social_instargram_enable":true,"footer_social_instargram_link":"#","footer_social_dribbble_enable":true,"footer_social_dribbble_link":"#"}},"41917b68-3a9b-4a30-a012-96b9b1eec746":{"type":"text_block","settings":{"enable_image":true,"image":"shopify:\/\/shop_images\/our-team6.jpg","title":"Helen Aleema","sub_title":"Founder\/CEO","text":"<p>Sed ut perspiciatis unde omnis iste<br\/>natus error sitaccusantium doloremque laudan<br\/>totam rem aperiam.<\/p>","footer_social_facebook_enable":true,"footer_social_facebook_link":"#","footer_social_twitter_enable":true,"footer_social_twitter_link":"#","footer_social_instargram_enable":true,"footer_social_instargram_link":"#","footer_social_dribbble_enable":true,"footer_social_dribbble_link":"#"}}},"block_order":["16363041676fc29af0-0","16363041676fc29af0-1","16363041676fc29af0-2","fbaf1eb9-55c3-46fd-82b4-d47dad0d5cc9","33f6927e-64ce-41ad-8815-e415a509ef1b","41917b68-3a9b-4a30-a012-96b9b1eec746"],"settings":{"hidden":false,"title":"Awesomeness people","sub_title":"Our perfect team","content":"Commodo sociosqu venenatis cras dolor sagittis integer luctus maecenas.","col_pr":"3","col_pr_tb":"3","col_pr_mb":"2","layout":"container","cl_bg":"#ffffff","mg_top":0,"mg_bottom":0,"pad_top":100,"pad_bottom":60,"mobile_mg_top":0,"mobile_mg_bottom":0,"mobile_pd_top":50,"mobile_pd_bottom":0}},"1636304196afe9d672":{"type":"text-column-with-image4","blocks":{"35674931-e98c-4cf5-b9e6-9fd8bc5e2ac1":{"type":"image_block","settings":{"image":"shopify:\/\/shop_images\/our-team7.jpg"}},"1636304196afe9d672-1":{"type":"text_block","settings":{"title":"Our Happy Teamwork","sub_title":"HAPPY TEAM","text":"<p>The perfect way to enjoy brewing tea on low hanging fruit to identify. Duis autem vel eum iriure dolor in hendrerit in vulputate velit esse molestie <\/p><p>consequat velillum dolore eu feugiat.<\/p>","b_title":"START WORK WITH US","btn_link":"#","open_link":"_blank","image":"shopify:\/\/shop_images\/bg_team.png","cl_bg":"#c6452c","cl_text":"#ffffff","h_position":"center","v_position":"middle","txt_align":"center"}},"8e766eaf-0044-408f-9a70-ba1b79bda59a":{"type":"image_block","settings":{"image":"shopify:\/\/shop_images\/our-team9.jpg"}}},"block_order":["35674931-e98c-4cf5-b9e6-9fd8bc5e2ac1","1636304196afe9d672-1","8e766eaf-0044-408f-9a70-ba1b79bda59a"],"settings":{"hidden":false,"bok_distance":"distance-10","col_pr":"3","col_pr_tb":"3","col_pr_mb":"1","layout":"full-width","cl_bg":"#ffffff","mg_top":0,"mg_bottom":0,"pad_top":0,"pad_bottom":0,"mobile_mg_top":0,"mobile_mg_bottom":0,"mobile_pd_top":0,"mobile_pd_bottom":0}},"custom-section":{"type":"custom-section","blocks":{"e2e13c32-b2c1-442f-b52e-ece3a2d29569":{"type":"image","settings":{"image":"shopify:\/\/shop_images\/our-team10.jpg","wid":"","cl":"6","cl_tb":"6","cl_mb":"12"}},"82ae5f3b-136b-4cfa-bfb0-a6e19c20c797":{"type":"text","settings":{"title":"we create trends","sub_title":"endless passion","text":"<p>It is accompanied by a case that can contain up to three different diffusers and can be used for dry storage of loose tea.<\/p><p>The perfect way to enjoy brewing tea on low hanging fruit to identify. Duis autem vel eum iriure dolor in hendrerit in vulputate velit esse molestie consequat, vel illum dolore eu feugiat nulla facilisis. <\/p>","btn_text":"Discover now","link_btn":"#","open_link":"_blank","cl":"6","cl_tb":"6","cl_mb":"12"}}},"block_order":["e2e13c32-b2c1-442f-b52e-ece3a2d29569","82ae5f3b-136b-4cfa-bfb0-a6e19c20c797"],"settings":{"layout":"container","cl_bg":"#ffffff","mg":"","pd":"100px,0,100px,0","mg_mb":"","pd_mb":"50px,0,50px,0"}},"1636304251b7c809f7":{"type":"testimonials-section-home1","blocks":{"1636304251b7c809f7-0":{"type":"quote","settings":{"image":"shopify:\/\/shop_images\/testimonial3.jpg","content":"<p>“ Congue condimentum et non eu arcu sociis aenean vivamus quisque. Porta purus urna. <\/p><p>Massa id blandit enim cursus ante. Nec consectetuer imperdiet ipsum. Magnis rutrum tristique rutrum <\/p><p>lobortis nulla nec hendrerit convallis suspendisse...”<\/p>","title":"algistino","address":"Chief Operating Officer","rating":5}},"1636304251b7c809f7-1":{"type":"quote","settings":{"image":"shopify:\/\/shop_images\/testimonial2.jpg","content":"<p>“ Congue condimentum et non eu arcu sociis aenean vivamus quisque. Porta purus urna. <\/p><p>Massa id blandit enim cursus ante. Nec consectetuer imperdiet ipsum. Magnis rutrum tristique rutrum<\/p><p> lobortis nulla nec hendrerit convallis suspendisse...”<\/p>","title":"algistino","address":"Chief Operating Officer","rating":5}},"1636304251b7c809f7-2":{"type":"quote","settings":{"image":"shopify:\/\/shop_images\/testimonial4.jpg","content":"<p>“ Congue condimentum et non eu arcu sociis aenean vivamus quisque. Porta purus urna. <\/p><p>Massa id blandit enim cursus ante. Nec consectetuer imperdiet ipsum. Magnis rutrum tristique rutrum <\/p><p>lobortis nulla nec hendrerit convallis suspendisse...”<\/p>","title":"algistino","address":"Chief Operating Officer","rating":5}},"1636304251b7c809f7-3":{"type":"quote","settings":{"image":"shopify:\/\/shop_images\/testimonial3.jpg","content":"<p>“ Congue condimentum et non eu arcu sociis aenean vivamus quisque. Porta purus urna. <\/p><p>Massa id blandit enim cursus ante. Nec consectetuer imperdiet ipsum. Magnis rutrum tristique rutrum <\/p><p>lobortis nulla nec hendrerit convallis suspendisse...”<\/p>","title":"algistino","address":"Chief Operating Officer","rating":5}}},"block_order":["1636304251b7c809f7-0","1636304251b7c809f7-1","1636304251b7c809f7-2","1636304251b7c809f7-3"],"settings":{"hidden":false,"layout":"container","title":"","sub_title":"","content":"","col_pr":"1","col_ipad":"1","col_mobile":"1","autoplay":true,"arrows":true,"dots":false,"infinite":false,"bg_image":"shopify:\/\/shop_images\/bg_testimonials2.jpg","cl_bg":"#f6f7f9","mg":"","pd":"100px,0,600px,0","mg_mb":"","pd_mb":"50px,0,50px,0"}}},"order":["1636185893296a5405","16363041676fc29af0","1636304196afe9d672","custom-section","1636304251b7c809f7"]}