{"sections":{"breadcrumb":{"type":"breadcrumb","settings":{"bg":"#fff","b_color":"#ebebeb","b_height":70,"mg_bottom":0,"mobile_bg":"#f5f5f5","mobile_ht":30,"mobile_mg_bottom":30,"show_n_p":true}},"content-services":{"type":"content-services","blocks":{"fe12cb38-2f51-4d11-8cf7-cb0277ee767b":{"type":"service","settings":{"layout":"ltr","align":"none","margin_left_part":"0px","margin_right_part":"0px","title_part":"Body treatment","subtitle_part":"A body treatment is a blanket term for a whole gamut of different holistic, non-medical, physical procedures aimed at helping you achieve something specific for your body or wellbeing.","content1_part":"Massaged or scrubbed with a particular mineral.","content2_part":"Wrapped or enveloped in something.","content3_part":"Immersed or soaked in a liquid, such as water or algae.","content4_part":"Stroked, treated with or exposed to something external.","button_part":"Read more","button_link_part":"#"}},"01fe9bc2-477e-4978-b65c-f129ffaa5edf":{"type":"form","settings":{"service_item":"Body treatment"}}},"block_order":["fe12cb38-2f51-4d11-8cf7-cb0277ee767b","01fe9bc2-477e-4978-b65c-f129ffaa5edf"],"settings":{"form_title_sevice":"Book service","name_label_sevice":"Your name","phone_label_sevice":"Your phone","services_label_sevice":"Choose a services","date_label_sevice":"Choose a date","button_label_sevice":"Appointment"}}},"order":["breadcrumb","content-services"]}